sample_id,cluster_label
0,0
1,2
2,2
3,1
4,5
5,4
6,3
7,1
8,3
9,1
10,3
11,2
12,5
13,0
14,2
15,0
16,5
17,4
18,4
19,0
20,4
21,1
22,3
23,3
24,1
25,5
26,4
27,0
28,5
29,3
30,3
31,4
32,0
33,1
34,4
35,2
36,5
37,5
38,3
39,2
40,2
41,4
42,5
43,5
44,5
45,1
46,5
47,0
48,4
49,4
50,0
51,4
52,1
53,1
54,5
55,5
56,3
57,4
58,5
59,4
60,3
61,4
62,2
63,1
64,4
65,3
66,2
67,2
68,5
69,4
70,5
71,3
72,5
73,3
74,5
75,3
76,2
77,1
78,5
79,1
80,3
81,0
82,3
83,1
84,0
85,3
86,1
87,1
88,4
89,5
90,0
91,0
92,3
93,3
94,5
95,5
96,0
97,1
98,0
99,1
100,4
101,4
102,1
103,3
104,3
105,5
106,4
107,0
108,0
109,2
110,4
111,1
112,0
113,3
114,2
115,2
116,4
117,0
118,5
119,5
120,1
121,2
122,5
123,0
124,3
125,5
126,1
127,5
128,5
129,4
130,5
131,5
132,4
133,5
134,2
135,0
136,1
137,4
138,0
139,0
140,0
141,4
142,3
143,1
144,3
145,2
146,3
147,1
148,2
149,5
150,5
151,3
152,4
153,5
154,4
155,5
156,4
157,2
158,3
159,5
160,4
161,1
162,2
163,3
164,4
165,2
166,4
167,1
168,3
169,4
170,2
171,2
172,0
173,4
174,1
175,3
176,5
177,4
178,0
179,3
180,2
181,4
182,2
183,1
184,4
185,3
186,2
187,5
188,1
189,0
190,4
191,1
192,4
193,2
194,1
195,3
196,5
197,2
198,4
199,5
200,3
201,1
202,4
203,3
204,0
205,3
206,0
207,5
208,4
209,4
210,5
211,1
212,2
213,4
214,0
215,5
216,3
217,1
218,2
219,0
220,1
221,2
222,0
223,5
224,3
225,5
226,5
227,4
228,1
229,1
230,0
231,1
232,1
233,3
234,1
235,5
236,5
237,3
238,1
239,3
240,4
241,4
242,4
243,2
244,5
245,5
246,2
247,1
248,5
249,0
250,4
251,3
252,4
253,5
254,3
255,2
256,5
257,0
258,3
259,3
260,0
261,2
262,2
263,0
264,5
265,1
266,4
267,4
268,3
269,3
270,1
271,4
272,1
273,5
274,1
275,0
276,5
277,1
278,5
279,0
280,1
281,2
282,2
283,2
284,0
285,3
286,4
287,4
288,1
289,2
290,4
291,4
292,1
293,1
294,3
295,5
296,0
297,0
298,1
299,3
300,0
301,2
302,4
303,4
304,0
305,1
306,5
307,5
308,2
309,4
310,1
311,2
312,1
313,2
314,2
315,5
316,0
317,0
318,1
319,4
320,2
321,4
322,3
323,5
324,1
325,2
326,1
327,3
328,3
329,1
330,4
331,4
332,3
333,2
334,0
335,4
336,2
337,5
338,1
339,0
340,4
341,1
342,1
343,2
344,0
345,1
346,0
347,5
348,2
349,3
350,0
351,5
352,5
353,3
354,3
355,5
356,3
357,5
358,1
359,4
360,4
361,4
362,5
363,3
364,0
365,3
366,4
367,0
368,3
369,4
370,3
371,2
372,4
373,2
374,5
375,2
376,4
377,0
378,3
379,5
380,5
381,1
382,2
383,4
384,3
385,1
386,5
387,3
388,3
389,1
390,3
391,3
392,4
393,2
394,5
395,3
396,2
397,5
398,4
399,4
400,2
401,4
402,1
403,0
404,0
405,2
406,5
407,0
408,2
409,0
410,3
411,0
412,5
413,4
414,4
415,4
416,4
417,2
418,2
419,1
420,5
421,1
422,3
423,0
424,4
425,5
426,2
427,5
428,4
429,0
430,4
431,2
432,3
433,1
434,0
435,2
436,0
437,4
438,4
439,2
440,2
441,1
442,4
443,3
444,4
445,0
446,5
447,2
448,4
449,3
450,2
451,5
452,4
453,4
454,4
455,2
456,3
457,0
458,1
459,3
460,4
461,3
462,0
463,5
464,0
465,4
466,5
467,5
468,2
469,1
470,5
471,2
472,4
473,0
474,1
475,5
476,1
477,0
478,5
479,4
480,4
481,0
482,3
483,4
484,5
485,1
486,0
487,0
488,5
489,1
490,5
491,4
492,3
493,2
494,3
495,4
496,4
497,5
498,5
499,3
500,0
501,2
502,0
503,0
504,3
505,0
506,4
507,5
508,0
509,1
510,4
511,2
512,1
513,5
514,5
515,2
516,3
517,4
518,3
519,0
520,1
521,1
522,5
523,4
524,2
525,1
526,2
527,0
528,2
529,1
530,4
531,3
532,2
533,0
534,0
535,4
536,1
537,5
538,2
539,4
540,3
541,5
542,0
543,2
544,1
545,4
546,0
547,1
548,4
549,5
550,3
551,5
552,4
553,3
554,0
555,0
556,2
557,2
558,1
559,4
560,4
561,3
562,1
563,2
564,2
565,2
566,4
567,4
568,5
569,1
570,4
571,2
572,4
573,0
574,4
575,0
576,0
577,3
578,5
579,5
580,0
581,4
582,1
583,3
584,5
585,2
586,1
587,4
588,2
589,2
590,2
591,2
592,3
593,1
594,4
595,0
596,3
597,0
598,2
599,2
600,4
601,2
602,4
603,4
604,0
605,0
606,4
607,0
608,3
609,5
610,5
611,1
612,0
613,5
614,2
615,4
616,5
617,1
618,1
619,3
620,5
621,1
622,2
623,0
624,3
625,4
626,1
627,0
628,4
629,1
630,2
631,4
632,3
633,3
634,3
635,4
636,4
637,2
638,3
639,4
640,5
641,4
642,4
643,5
644,2
645,5
646,0
647,4
648,5
649,2
650,2
651,2
652,2
653,4
654,2
655,0
656,3
657,4
658,4
659,5
660,4
661,3
662,4
663,0
664,1
665,1
666,2
667,2
668,2
669,2
670,0
671,0
672,3
673,1
674,2
675,2
676,4
677,5
678,1
679,1
680,2
681,2
682,4
683,5
684,3
685,1
686,0
687,4
688,3
689,5
690,4
691,0
692,1
693,0
694,3
695,3
696,2
697,0
698,4
699,1
700,2
701,5
702,4
703,5
704,2
705,4
706,4
707,2
708,2
709,4
710,5
711,2
712,5
713,4
714,4
715,3
716,4
717,0
718,4
719,2
720,5
721,1
722,3
723,0
724,4
725,2
726,1
727,2
728,2
729,4
730,5
731,5
732,1
733,0
734,1
735,4
736,4
737,5
738,3
739,0
740,4
741,4
742,4
743,3
744,2
745,0
746,3
747,5
748,5
749,4
750,4
751,4
752,4
753,4
754,4
755,4
756,4
757,4
758,4
759,4
760,4
761,4
762,4
763,4
764,4
765,4
766,4
767,4
768,4
769,4
770,4
771,4
772,4
773,4
774,4
775,4
776,4
777,4
778,4
779,4
780,4
781,4
782,4
783,4
784,4
785,4
786,4
787,4
788,4
789,4
790,4
791,4
792,4
793,4
794,4
795,4
796,4
797,4
798,2
799,4
800,4
801,4
802,4
803,4
804,5
805,4
806,4
807,4
808,4
809,4
810,4
811,4
812,4
813,4
814,4
815,4
816,4
817,4
818,4
819,4
820,4
821,4
822,4
823,4
824,4
825,4
826,4
827,4
828,4
829,4
830,4
831,4
832,4
833,4
834,4
835,4
836,4
837,4
838,4
839,4
840,4
841,4
842,4
843,4
844,4
845,4
846,4
847,4
848,4
849,4
850,4
851,4
852,4
853,4
854,4
855,4
856,4
857,4
858,4
859,4
860,4
861,4
862,4
863,4
864,4
865,4
866,4
867,4
868,4
869,4
870,4
871,4
872,4
873,4
874,4
875,4
876,4
877,4
878,4
879,4
880,4
881,4
882,4
883,4
884,4
885,4
886,4
887,4
888,4
889,4
890,4
891,4
892,4
893,4
894,4
895,4
896,0
897,4
898,4
899,4
900,4
901,4
902,4
903,4
904,4
905,4
906,4
907,4
908,4
909,4
910,4
911,4
912,4
913,4
914,4
915,4
916,4
917,4
918,4
919,4
920,4
921,4
922,4
923,4
924,4
925,4
926,4
927,4
928,4
929,4
930,4
931,4
932,4
933,4
934,4
935,4
936,4
937,4
938,4
939,4
940,4
941,4
942,4
943,4
944,4
945,4
946,4
947,4
948,4
949,4
950,4
951,4
952,4
953,4
954,4
955,4
956,4
957,4
958,4
959,4
960,4
961,4
962,4
963,4
964,4
965,4
966,4
967,4
968,4
969,4
970,4
971,4
972,4
973,4
974,4
975,4
976,4
977,4
978,4
979,4
980,4
981,4
982,4
983,4
984,4
985,4
986,4
987,4
988,4
989,4
990,4
991,4
992,4
993,4
994,4
995,4
996,4
997,4
998,4
999,4
1000,4
1001,4
1002,4
1003,4
1004,4
1005,4
1006,4
1007,4
1008,4
1009,4
1010,4
1011,4
1012,4
1013,4
1014,4
1015,4
1016,4
1017,4
1018,4
1019,4
1020,4
1021,4
1022,4
1023,4
1024,4
1025,4
1026,4
1027,4
1028,4
1029,4
1030,4
1031,4
1032,4
1033,4
1034,4
1035,4
1036,4
1037,4
1038,4
1039,4
1040,4
1041,3
1042,4
1043,4
1044,4
1045,4
1046,4
1047,4
1048,4
1049,3
1050,4
1051,4
1052,4
1053,4
1054,4
1055,4
1056,4
1057,4
1058,4
1059,4
1060,4
1061,4
1062,4
1063,4
1064,4
1065,4
1066,4
1067,4
1068,4
1069,4
1070,4
1071,4
1072,4
1073,4
1074,4
1075,4
1076,4
1077,4
1078,4
1079,4
1080,4
1081,4
1082,4
1083,4
1084,4
1085,4
1086,4
1087,4
1088,4
1089,4
1090,4
1091,4
1092,4
1093,4
1094,4
1095,4
1096,4
1097,4
1098,4
1099,4
1100,4
1101,4
1102,4
1103,4
1104,4
1105,4
1106,4
1107,4
1108,4
1109,4
1110,4
1111,4
1112,4
1113,4
1114,4
1115,4
1116,4
1117,4
1118,4
1119,4
1120,4
1121,4
1122,4
1123,4
1124,4
1125,4
1126,4
1127,4
1128,4
1129,4
1130,4
1131,4
1132,4
1133,4
1134,4
1135,4
1136,4
1137,4
1138,4
1139,4
1140,4
1141,4
1142,4
1143,4
1144,4
1145,4
1146,4
1147,4
1148,4
1149,4
1150,4
1151,4
1152,4
1153,4
1154,4
1155,4
1156,4
1157,4
1158,4
1159,4
1160,4
1161,4
1162,4
1163,4
1164,4
1165,4
1166,4
1167,4
1168,4
1169,3
1170,4
1171,4
1172,4
1173,4
1174,4
1175,4
1176,4
1177,4
1178,4
1179,4
1180,4
1181,4
1182,4
1183,4
1184,4
1185,4
1186,4
1187,4
1188,4
1189,4
1190,4
1191,4
1192,4
1193,4
1194,4
1195,4
1196,4
1197,4
1198,4
1199,4
1200,4
1201,4
1202,4
1203,4
1204,4
1205,4
1206,4
1207,4
1208,4
1209,4
1210,4
1211,4
1212,4
1213,4
1214,4
1215,4
1216,4
1217,4
1218,4
1219,4
1220,4
1221,4
1222,4
1223,4
1224,4
1225,4
1226,4
1227,4
1228,4
1229,4
1230,4
1231,4
1232,4
1233,4
1234,4
1235,4
1236,4
1237,4
1238,4
1239,4
1240,4
1241,4
1242,4
1243,4
1244,4
1245,4
1246,4
1247,4
1248,4
1249,4
1250,4
1251,4
1252,4
1253,4
1254,4
1255,4
1256,4
1257,4
1258,4
1259,4
1260,4
1261,4
1262,4
1263,4
1264,4
1265,4
1266,4
1267,4
1268,4
1269,4
1270,4
1271,4
1272,4
1273,4
1274,4
1275,4
1276,4
1277,4
1278,4
1279,4
1280,4
1281,4
1282,4
1283,4
1284,4
1285,4
1286,4
1287,4
1288,4
1289,4
1290,4
1291,4
1292,4
1293,4
1294,4
1295,4
1296,4
1297,4
1298,4
1299,4
1300,4
1301,4
1302,4
1303,4
1304,4
1305,4
1306,4
1307,4
1308,4
1309,4
1310,4
1311,4
1312,4
1313,4
1314,4
1315,4
1316,4
1317,4
1318,4
1319,4
1320,4
1321,4
1322,4
1323,4
1324,4
1325,4
1326,4
1327,4
1328,4
1329,4
1330,4
1331,4
1332,4
1333,4
1334,4
1335,4
1336,4
1337,4
1338,4
1339,4
1340,4
1341,4
1342,4
1343,4
1344,4
1345,4
1346,4
1347,4
1348,4
1349,4
1350,4
1351,4
1352,4
1353,4
1354,4
1355,4
1356,4
1357,4
1358,4
1359,4
1360,4
1361,4
1362,4
1363,4
1364,4
1365,4
1366,4
1367,4
1368,4
1369,4
1370,4
1371,4
1372,4
1373,4
1374,4
1375,4
1376,4
1377,4
1378,4
1379,4
1380,4
1381,4
1382,4
1383,4
1384,4
1385,4
1386,4
1387,4
1388,4
1389,4
1390,4
1391,4
1392,4
1393,2
1394,4
1395,4
1396,4
1397,4
1398,4
1399,4
1400,4
1401,4
1402,4
1403,4
1404,4
1405,4
1406,4
1407,4
1408,4
1409,4
1410,4
1411,4
1412,4
1413,4
1414,4
1415,4
1416,4
1417,4
1418,4
1419,4
1420,4
1421,4
1422,4
1423,4
1424,4
1425,4
1426,4
1427,4
1428,4
1429,4
1430,4
1431,4
1432,4
1433,4
1434,4
1435,4
1436,4
1437,4
1438,4
1439,4
1440,4
1441,4
1442,4
1443,4
1444,4
1445,4
1446,4
1447,4
1448,4
1449,4
1450,4
1451,4
1452,4
1453,4
1454,4
1455,4
1456,4
1457,4
1458,4
1459,4
1460,4
1461,4
1462,4
1463,4
1464,4
1465,4
1466,4
1467,4
1468,4
1469,4
1470,4
1471,4
1472,4
1473,4
1474,4
1475,4
1476,4
1477,4
1478,4
1479,4
1480,4
1481,4
1482,4
1483,4
1484,4
1485,4
1486,4
1487,4
1488,4
1489,4
1490,4
1491,4
1492,4
1493,4
1494,4
1495,4
1496,4
1497,4
1498,4
1499,4
1500,4
1501,4
1502,4
1503,4
1504,4
1505,0
1506,4
1507,4
1508,4
1509,4
1510,4
1511,4
1512,4
1513,4
1514,4
1515,4
1516,4
1517,4
1518,4
1519,4
1520,4
1521,4
1522,4
1523,4
1524,4
1525,4
1526,4
1527,4
1528,4
1529,4
1530,4
1531,4
1532,4
1533,4
1534,4
1535,4
1536,4
1537,4
1538,4
1539,4
1540,4
1541,4
1542,4
1543,4
1544,4
1545,4
1546,4
1547,4
1548,4
1549,3
1550,4
1551,4
1552,4
1553,4
1554,4
1555,4
1556,4
1557,4
1558,4
1559,4
1560,4
1561,4
1562,4
1563,4
1564,4
1565,4
1566,4
1567,4
1568,4
1569,4
1570,4
1571,4
1572,4
1573,4
1574,4
1575,2
1576,4
1577,4
1578,4
1579,4
1580,4
1581,4
1582,4
1583,4
1584,4
1585,4
1586,4
1587,4
1588,4
1589,4
1590,4
1591,4
1592,4
1593,4
1594,4
1595,4
1596,4
1597,4
1598,4
1599,4
1600,4
1601,4
1602,4
1603,4
1604,4
1605,4
1606,4
1607,4
1608,4
1609,4
1610,4
1611,4
1612,4
1613,4
1614,4
1615,4
1616,4
1617,4
1618,4
1619,4
1620,4
1621,4
1622,4
1623,4
1624,0
1625,4
1626,4
1627,4
1628,4
1629,4
1630,4
1631,4
1632,4
1633,4
1634,4
1635,4
1636,4
1637,4
1638,4
1639,4
1640,4
1641,4
1642,4
1643,4
1644,4
1645,4
1646,4
1647,4
1648,4
1649,4
1650,4
1651,4
1652,4
1653,4
1654,4
1655,4
1656,4
1657,4
1658,4
1659,4
1660,4
1661,4
1662,4
1663,4
1664,4
1665,4
1666,4
1667,4
1668,4
1669,4
1670,4
1671,4
1672,4
1673,4
1674,4
1675,4
1676,4
1677,2
1678,4
1679,4
1680,4
1681,3
1682,4
1683,4
1684,4
1685,4
1686,4
1687,4
1688,4
1689,4
1690,4
1691,4
1692,4
1693,4
1694,4
1695,4
1696,4
1697,4
1698,4
1699,4
1700,4
1701,4
1702,4
1703,4
1704,4
1705,4
1706,4
1707,4
1708,4
1709,4
1710,4
1711,4
1712,5
1713,4
1714,4
1715,4
1716,4
1717,4
1718,4
1719,4
1720,4
1721,4
1722,4
1723,4
1724,4
1725,2
1726,4
1727,4
1728,4
1729,4
1730,4
1731,4
1732,4
1733,4
1734,4
1735,4
1736,4
1737,4
1738,4
1739,4
1740,4
1741,4
1742,4
1743,4
1744,4
1745,4
1746,4
1747,4
1748,4
1749,4
1750,4
1751,4
1752,4
1753,4
1754,4
1755,4
1756,4
1757,4
1758,4
1759,4
1760,4
1761,4
1762,4
1763,4
1764,4
1765,4
1766,4
1767,4
1768,4
1769,4
1770,4
1771,4
1772,4
1773,4
1774,4
1775,4
1776,4
1777,4
1778,4
1779,4
1780,4
1781,4
1782,4
1783,4
1784,4
1785,4
1786,4
1787,4
1788,4
1789,4
1790,4
1791,4
1792,4
1793,4
1794,4
1795,4
1796,4
1797,4
1798,4
1799,4
1800,4
1801,4
1802,4
1803,4
1804,4
1805,4
1806,4
1807,4
1808,4
1809,4
1810,4
1811,4
1812,4
1813,4
1814,4
1815,4
1816,4
1817,4
1818,4
1819,4
1820,4
1821,4
1822,4
1823,4
1824,4
1825,4
1826,4
1827,4
1828,4
1829,4
1830,4
1831,4
1832,4
1833,4
1834,4
1835,4
1836,4
1837,4
1838,4
1839,4
1840,4
1841,4
1842,4
1843,4
1844,4
1845,4
1846,4
1847,4
1848,4
1849,4
1850,4
1851,4
1852,4
1853,4
1854,4
1855,4
1856,4
1857,4
1858,4
1859,4
1860,4
1861,4
1862,4
1863,4
1864,4
1865,4
1866,4
1867,4
1868,4
1869,4
1870,4
1871,4
1872,4
1873,4
1874,4
1875,4
1876,4
1877,4
1878,4
1879,4
1880,4
1881,4
1882,4
1883,4
1884,4
1885,4
1886,4
1887,4
1888,4
1889,4
1890,4
1891,4
1892,4
1893,4
1894,4
1895,4
1896,4
1897,4
1898,4
1899,4
1900,4
1901,4
1902,4
1903,4
1904,4
1905,4
1906,4
1907,4
1908,4
1909,4
1910,4
1911,4
1912,4
1913,4
1914,4
1915,4
1916,4
1917,4
1918,4
1919,4
1920,4
1921,4
1922,4
1923,4
1924,4
1925,4
1926,4
1927,4
1928,4
1929,4
1930,4
1931,4
1932,4
1933,4
1934,4
1935,4
1936,4
1937,4
1938,4
1939,4
1940,4
1941,4
1942,4
1943,4
1944,4
1945,4
1946,4
1947,4
1948,4
1949,4
1950,4
1951,4
1952,4
1953,4
1954,4
1955,4
1956,4
1957,4
1958,4
1959,4
1960,4
1961,4
1962,4
1963,4
1964,4
1965,4
1966,4
1967,4
1968,4
1969,4
1970,4
1971,4
1972,4
1973,0
1974,4
1975,4
1976,4
1977,4
1978,4
1979,4
1980,4
1981,4
1982,4
1983,4
1984,4
1985,4
1986,4
1987,4
1988,4
1989,4
1990,4
1991,4
1992,4
1993,4
1994,4
1995,4
1996,4
1997,4
1998,4
1999,4
2000,4
2001,4
2002,4
2003,4
2004,4
2005,4
2006,4
2007,4
2008,4
2009,4
2010,4
2011,4
2012,4
2013,4
2014,4
2015,4
2016,4
2017,4
2018,4
2019,0
2020,4
2021,4
2022,4
2023,4
2024,4
2025,4
2026,4
2027,4
2028,4
2029,4
2030,4
2031,4
2032,4
2033,4
2034,4
2035,4
2036,4
2037,3
2038,4
2039,4
2040,4
2041,4
2042,4
2043,4
2044,4
2045,4
2046,4
2047,4
2048,5
2049,4
2050,4
2051,4
2052,4
2053,4
2054,4
2055,4
2056,3
2057,4
2058,4
2059,4
2060,4
2061,4
2062,4
2063,4
2064,4
2065,4
2066,4
2067,4
2068,4
2069,4
2070,4
2071,4
2072,4
2073,4
2074,4
2075,4
2076,4
2077,4
2078,4
2079,4
2080,4
2081,4
2082,4
2083,4
2084,4
2085,4
2086,4
2087,4
2088,4
2089,4
2090,4
2091,4
2092,4
2093,4
2094,4
2095,4
2096,4
2097,4
2098,4
2099,4
2100,4
2101,4
2102,4
2103,4
2104,4
2105,4
2106,4
2107,4
2108,4
2109,4
2110,4
2111,4
2112,4
2113,4
2114,4
2115,4
2116,4
2117,4
2118,4
2119,4
2120,4
2121,4
2122,4
2123,4
2124,4
2125,4
2126,4
2127,4
2128,4
2129,4
2130,4
2131,4
2132,4
2133,4
2134,4
2135,4
2136,4
2137,4
2138,4
2139,4
2140,4
2141,4
2142,4
2143,4
2144,4
2145,4
2146,4
2147,4
2148,4
2149,4
2150,4
2151,4
2152,4
2153,4
2154,4
2155,4
2156,4
2157,4
2158,4
2159,4
2160,4
2161,4
2162,4
2163,4
2164,4
2165,4
2166,4
2167,4
2168,4
2169,4
2170,4
2171,4
2172,4
2173,4
2174,4
2175,4
2176,4
2177,4
2178,4
2179,4
2180,4
2181,4
2182,4
2183,4
2184,4
2185,4
2186,4
2187,4
2188,4
2189,4
2190,4
2191,4
2192,4
2193,4
2194,4
2195,4
2196,4
2197,4
2198,4
2199,4
2200,4
2201,4
2202,4
2203,3
2204,4
2205,4
2206,4
2207,4
2208,4
2209,4
2210,4
2211,4
2212,4
2213,4
2214,4
2215,4
2216,4
2217,4
2218,4
2219,4
2220,4
2221,4
2222,4
2223,4
2224,4
2225,4
2226,4
2227,4
2228,4
2229,4
2230,4
2231,4
2232,4
2233,4
2234,4
2235,4
2236,4
2237,4
2238,4
2239,4
2240,4
2241,4
2242,4
2243,4
2244,4
2245,4
2246,4
2247,4
2248,4
2249,4
2250,4
2251,4
2252,4
2253,4
2254,4
2255,4
2256,4
2257,4
2258,4
2259,4
2260,4
2261,4
2262,4
2263,4
2264,4
2265,4
2266,4
2267,4
2268,4
2269,4
2270,4
2271,4
2272,4
2273,4
2274,4
2275,4
2276,4
2277,4
2278,4
2279,4
2280,4
2281,0
2282,4
2283,4
2284,0
2285,4
2286,4
2287,4
2288,4
2289,4
2290,4
2291,4
2292,4
2293,4
2294,4
2295,4
2296,4
2297,4
2298,4
2299,4
2300,4
2301,4
2302,4
2303,4
2304,4
2305,4
2306,4
2307,4
2308,4
2309,4
2310,4
2311,4
2312,4
2313,4
2314,4
2315,4
2316,3
2317,4
2318,4
2319,4
2320,4
2321,4
2322,4
2323,4
2324,4
2325,4
2326,4
2327,4
2328,4
2329,4
2330,4
2331,4
2332,4
2333,4
2334,4
2335,4
2336,4
2337,4
2338,4
2339,4
2340,4
2341,4
2342,4
2343,4
2344,4
2345,4
2346,4
2347,4
2348,4
2349,4
2350,4
2351,4
2352,4
2353,4
2354,4
2355,4
2356,4
2357,4
2358,4
2359,4
2360,4
2361,4
2362,4
2363,4
2364,4
2365,4
2366,4
2367,4
2368,4
2369,4
2370,4
2371,4
2372,4
2373,4
2374,4
2375,4
2376,4
2377,4
2378,4
2379,4
2380,4
2381,4
2382,4
2383,4
2384,4
2385,4
2386,4
2387,4
2388,4
2389,4
2390,4
2391,4
2392,4
2393,4
2394,4
2395,4
2396,4
2397,4
2398,4
2399,4
2400,4
2401,4
2402,4
2403,4
2404,4
2405,4
2406,4
2407,4
2408,4
2409,4
2410,4
2411,4
2412,4
2413,4
2414,4
2415,4
2416,4
2417,4
2418,4
2419,4
2420,4
2421,4
2422,4
2423,4
2424,4
2425,4
2426,2
2427,4
2428,4
2429,4
2430,4
2431,4
2432,4
2433,4
2434,4
2435,4
2436,4
2437,4
2438,4
2439,4
2440,4
2441,4
2442,4
2443,4
2444,4
2445,4
2446,4
2447,4
2448,4
2449,4
2450,4
2451,4
2452,4
2453,4
2454,4
2455,4
2456,4
2457,4
2458,4
2459,4
2460,4
2461,4
2462,4
2463,4
2464,4
2465,4
2466,4
2467,4
2468,4
2469,4
2470,4
2471,4
2472,4
2473,4
2474,4
2475,4
2476,4
2477,4
2478,4
2479,4
2480,4
2481,5
2482,4
2483,4
2484,4
2485,4
2486,4
2487,4
2488,4
2489,4
2490,4
2491,4
2492,4
2493,4
2494,4
2495,4
2496,4
2497,4
2498,4
2499,4
2500,4
2501,4
2502,4
2503,4
2504,4
2505,4
2506,4
2507,4
2508,4
2509,4
2510,4
2511,4
2512,4
2513,4
2514,4
2515,4
2516,4
2517,4
2518,4
2519,4
2520,4
2521,4
2522,4
2523,4
2524,4
2525,4
2526,4
2527,4
2528,4
2529,5
2530,4
2531,4
2532,4
2533,4
2534,4
2535,4
2536,4
2537,4
2538,4
2539,4
2540,4
2541,4
2542,4
2543,4
2544,4
2545,4
2546,4
2547,4
2548,0
2549,4
2550,4
2551,4
2552,4
2553,4
2554,4
2555,4
2556,4
2557,4
2558,4
2559,4
2560,4
2561,4
2562,4
2563,4
2564,4
2565,4
2566,4
2567,4
2568,4
2569,4
2570,4
2571,4
2572,4
2573,4
2574,4
2575,4
2576,4
2577,4
2578,4
2579,4
2580,4
2581,4
2582,4
2583,4
2584,4
2585,4
2586,4
2587,4
2588,4
2589,4
2590,4
2591,4
2592,4
2593,4
2594,4
2595,4
2596,4
2597,4
2598,3
2599,4
2600,4
2601,4
2602,4
2603,4
2604,4
2605,4
2606,4
2607,4
2608,4
2609,4
2610,4
2611,4
2612,4
2613,4
2614,4
2615,4
2616,4
2617,4
2618,4
2619,4
2620,4
2621,4
2622,4
2623,4
2624,4
2625,4
2626,4
2627,4
2628,4
2629,4
2630,4
2631,4
2632,4
2633,4
2634,4
2635,4
2636,4
2637,4
2638,4
2639,4
2640,4
2641,4
2642,4
2643,4
2644,4
2645,4
2646,4
2647,4
2648,4
2649,4
2650,4
2651,4
2652,4
2653,4
2654,4
2655,4
2656,4
2657,4
2658,4
2659,4
2660,4
2661,4
2662,4
2663,4
2664,4
2665,4
2666,4
2667,4
2668,4
2669,4
2670,4
2671,4
2672,4
2673,4
2674,4
2675,4
2676,4
2677,4
2678,4
2679,4
2680,4
2681,4
2682,4
2683,4
2684,4
2685,4
2686,4
2687,4
2688,4
2689,4
2690,4
2691,4
2692,4
2693,4
2694,4
2695,4
2696,4
2697,4
2698,4
2699,4
2700,3
2701,3
2702,0
2703,3
2704,0
2705,5
2706,0
2707,0
2708,3
2709,3
2710,0
2711,0
2712,0
2713,3
2714,0
2715,3
2716,3
2717,0
2718,3
2719,3
2720,0
2721,0
2722,3
2723,3
2724,3
2725,0
2726,0
2727,0
2728,3
2729,0
2730,0
2731,3
2732,0
2733,3
2734,3
2735,0
2736,0
2737,3
2738,0
2739,3
2740,3
2741,0
2742,3
2743,3
2744,3
2745,0
2746,0
2747,3
2748,0
2749,3
2750,0
2751,3
2752,0
2753,0
2754,0
2755,3
2756,3
2757,0
2758,3
2759,4
2760,3
2761,0
2762,0
2763,3
2764,0
2765,5
2766,0
2767,3
2768,3
2769,5
2770,3
2771,0
2772,3
2773,0
2774,0
2775,3
2776,0
2777,3
2778,0
2779,3
2780,3
2781,0
2782,3
2783,0
2784,3
2785,3
2786,3
2787,0
2788,3
2789,3
2790,3
2791,0
2792,3
2793,5
2794,3
2795,3
2796,0
2797,3
2798,0
2799,3
2800,3
2801,0
2802,0
2803,3
2804,3
2805,0
2806,0
2807,0
2808,0
2809,3
2810,3
2811,0
2812,3
2813,3
2814,3
2815,3
2816,3
2817,0
2818,0
2819,3
2820,3
2821,3
2822,3
2823,3
2824,3
2825,3
2826,0
2827,3
2828,3
2829,3
2830,0
2831,3
2832,3
2833,3
2834,0
2835,0
2836,3
2837,0
2838,3
2839,3
2840,3
2841,0
2842,3
2843,3
2844,0
2845,3
2846,2
2847,3
2848,0
2849,3
2850,0
2851,3
2852,0
2853,0
2854,0
2855,2
2856,0
2857,0
2858,0
2859,0
2860,3
2861,0
2862,3
2863,0
2864,0
2865,4
2866,3
2867,3
2868,4
2869,3
2870,3
2871,3
2872,3
2873,3
2874,0
2875,3
2876,5
2877,3
2878,0
2879,3
2880,0
2881,3
2882,3
2883,3
2884,0
2885,0
2886,3
2887,3
2888,3
2889,3
2890,3
2891,3
2892,3
2893,0
2894,3
2895,0
2896,0
2897,0
2898,3
2899,0
2900,0
2901,3
2902,0
2903,0
2904,0
2905,0
2906,3
2907,3
2908,0
2909,3
2910,0
2911,0
2912,3
2913,4
2914,3
2915,3
2916,0
2917,3
2918,3
2919,3
2920,0
2921,0
2922,3
2923,0
2924,0
2925,0
2926,3
2927,3
2928,0
2929,3
2930,3
2931,3
2932,3
2933,3
2934,0
2935,3
2936,3
2937,0
2938,0
2939,3
2940,0
2941,0
2942,3
2943,0
2944,3
2945,3
2946,0
2947,0
2948,0
2949,3
2950,0
2951,3
2952,0
2953,0
2954,3
2955,3
2956,0
2957,0
2958,3
2959,0
2960,3
2961,3
2962,3
2963,0
2964,0
2965,3
2966,0
2967,3
2968,3
2969,0
2970,3
2971,0
2972,3
2973,0
2974,3
2975,0
2976,2
2977,3
2978,0
2979,3
2980,0
2981,0
2982,3
2983,3
2984,3
2985,3
2986,0
2987,0
2988,3
2989,0
2990,3
2991,3
2992,3
2993,0
2994,3
2995,0
2996,3
2997,0
2998,3
2999,0
3000,3
3001,3
3002,3
3003,3
3004,3
3005,3
3006,3
3007,4
3008,0
3009,0
3010,5
3011,0
3012,0
3013,3
3014,0
3015,3
3016,3
3017,3
3018,0
3019,0
3020,5
3021,3
3022,0
3023,3
3024,3
3025,3
3026,3
3027,0
3028,3
3029,3
3030,3
3031,3
3032,3
3033,3
3034,0
3035,1
3036,0
3037,3
3038,3
3039,3
3040,0
3041,0
3042,3
3043,3
3044,3
3045,0
3046,0
3047,0
3048,3
3049,3
3050,0
3051,0
3052,0
3053,0
3054,3
3055,0
3056,0
3057,3
3058,3
3059,3
3060,3
3061,0
3062,0
3063,3
3064,3
3065,3
3066,0
3067,3
3068,3
3069,2
3070,3
3071,0
3072,0
3073,3
3074,3
3075,3
3076,3
3077,0
3078,0
3079,3
3080,0
3081,3
3082,0
3083,3
3084,3
3085,3
3086,0
3087,3
3088,3
3089,3
3090,3
3091,0
3092,0
3093,3
3094,3
3095,3
3096,3
3097,3
3098,0
3099,3
3100,0
3101,3
3102,3
3103,3
3104,0
3105,3
3106,3
3107,3
3108,0
3109,3
3110,3
3111,3
3112,0
3113,3
3114,3
3115,3
3116,0
3117,4
3118,3
3119,2
3120,3
3121,0
3122,3
3123,0
3124,3
3125,0
3126,3
3127,2
3128,3
3129,3
3130,3
3131,3
3132,3
3133,3
3134,3
3135,3
3136,4
3137,3
3138,3
3139,3
3140,0
3141,0
3142,0
3143,3
3144,0
3145,0
3146,0
3147,3
3148,0
3149,0
3150,3
3151,0
3152,3
3153,0
3154,3
3155,0
3156,0
3157,3
3158,0
3159,0
3160,3
3161,0
3162,0
3163,3
3164,3
3165,4
3166,0
3167,0
3168,5
3169,0
3170,0
3171,3
3172,0
3173,0
3174,0
3175,3
3176,3
3177,3
3178,0
3179,0
3180,0
3181,0
3182,0
3183,3
3184,0
3185,3
3186,3
3187,0
3188,3
3189,3
3190,0
3191,3
3192,0
3193,0
3194,0
3195,0
3196,0
3197,0
3198,0
3199,3
3200,3
3201,3
3202,0
3203,3
3204,3
3205,0
3206,0
3207,0
3208,4
3209,0
3210,3
3211,3
3212,3
3213,3
3214,3
3215,1
3216,0
3217,3
3218,4
3219,3
3220,3
3221,1
3222,0
3223,0
3224,0
3225,3
3226,3
3227,0
3228,3
3229,0
3230,3
3231,0
3232,0
3233,0
3234,2
3235,0
3236,3
3237,3
3238,3
3239,3
3240,0
3241,3
3242,0
3243,2
3244,0
3245,3
3246,3
3247,0
3248,3
3249,0
3250,3
3251,0
3252,0
3253,0
3254,3
3255,3
3256,3
3257,3
3258,0
3259,3
3260,3
3261,3
3262,0
3263,3
3264,0
3265,0
3266,3
3267,3
3268,3
3269,0
3270,0
3271,0
3272,3
3273,0
3274,4
3275,3
3276,3
3277,0
3278,0
3279,3
3280,0
3281,3
3282,3
3283,0
3284,0
3285,3
3286,3
3287,0
3288,0
3289,3
3290,0
3291,0
3292,2
3293,0
3294,3
3295,0
3296,3
3297,3
3298,0
3299,3
3300,3
3301,3
3302,0
3303,0
3304,3
3305,3
3306,0
3307,0
3308,0
3309,0
3310,0
3311,0
3312,0
3313,0
3314,0
3315,3
3316,0
3317,0
3318,3
3319,0
3320,3
3321,4
3322,3
3323,0
3324,3
3325,3
3326,0
3327,0
3328,0
3329,0
3330,0
3331,3
3332,0
3333,0
3334,3
3335,3
3336,3
3337,0
3338,0
3339,0
3340,0
3341,3
3342,3
3343,4
3344,0
3345,3
3346,2
3347,3
3348,2
3349,3
3350,3
3351,3
3352,0
3353,3
3354,3
3355,3
3356,3
3357,3
3358,4
3359,3
3360,0
3361,3
3362,3
3363,0
3364,0
3365,0
3366,3
3367,0
3368,0
3369,3
3370,0
3371,0
3372,3
3373,3
3374,0
3375,1
3376,0
3377,0
3378,0
3379,0
3380,3
3381,3
3382,3
3383,0
3384,3
3385,3
3386,3
3387,3
3388,0
3389,3
3390,0
3391,0
3392,3
3393,0
3394,3
3395,3
3396,0
3397,0
3398,3
3399,3
3400,0
3401,5
3402,3
3403,0
3404,0
3405,0
3406,0
3407,3
3408,0
3409,3
3410,3
3411,3
3412,0
3413,3
3414,3
3415,0
3416,3
3417,3
3418,3
3419,3
3420,0
3421,3
3422,0
3423,3
3424,2
3425,0
3426,0
3427,0
3428,0
3429,0
3430,3
3431,3
3432,0
3433,0
3434,0
3435,0
3436,3
3437,3
3438,3
3439,0
3440,3
3441,3
3442,3
3443,3
3444,0
3445,0
3446,0
3447,3
3448,3
3449,3
3450,0
3451,0
3452,0
3453,0
3454,3
3455,3
3456,0
3457,0
3458,0
3459,3
3460,0
3461,0
3462,0
3463,3
3464,0
3465,3
3466,3
3467,0
3468,0
3469,3
3470,3
3471,0
3472,0
3473,0
3474,0
3475,0
3476,0
3477,3
3478,0
3479,3
3480,0
3481,0
3482,0
3483,3
3484,0
3485,1
3486,0
3487,0
3488,0
3489,0
3490,3
3491,3
3492,3
3493,0
3494,3
3495,0
3496,3
3497,3
3498,1
3499,0
3500,0
3501,3
3502,0
3503,0
3504,3
3505,0
3506,3
3507,3
3508,0
3509,3
3510,3
3511,0
3512,0
3513,0
3514,3
3515,3
3516,3
3517,0
3518,0
3519,0
3520,3
3521,3
3522,3
3523,3
3524,0
3525,3
3526,3
3527,0
3528,3
3529,3
3530,0
3531,3
3532,3
3533,0
3534,0
3535,0
3536,0
3537,0
3538,3
3539,3
3540,3
3541,0
3542,3
3543,3
3544,0
3545,0
3546,0
3547,5
3548,0
3549,0
3550,0
3551,0
3552,5
3553,3
3554,0
3555,3
3556,0
3557,0
3558,0
3559,0
3560,3
3561,0
3562,3
3563,3
3564,3
3565,0
3566,0
3567,0
3568,3
3569,0
3570,3
3571,3
3572,3
3573,3
3574,3
3575,3
3576,0
3577,0
3578,0
3579,3
3580,0
3581,3
3582,3
3583,0
3584,3
3585,3
3586,3
3587,3
3588,0
3589,5
3590,3
3591,3
3592,3
3593,4
3594,3
3595,4
3596,3
3597,0
3598,0
3599,0
3600,3
3601,0
3602,3
3603,3
3604,0
3605,3
3606,3
3607,3
3608,3
3609,3
3610,0
3611,0
3612,0
3613,0
3614,5
3615,3
3616,3
3617,3
3618,3
3619,0
3620,3
3621,0
3622,0
3623,3
3624,0
3625,3
3626,0
3627,3
3628,3
3629,0
3630,3
3631,0
3632,0
3633,0
3634,0
3635,3
3636,0
3637,0
3638,3
3639,3
3640,0
3641,0
3642,0
3643,3
3644,3
3645,0
3646,3
3647,0
3648,3
3649,0
3650,0
3651,3
3652,0
3653,0
3654,3
3655,3
3656,3
3657,3
3658,0
3659,0
3660,3
3661,0
3662,3
3663,3
3664,3
3665,3
3666,0
3667,0
3668,3
3669,3
3670,0
3671,3
3672,0
3673,3
3674,3
3675,0
3676,0
3677,0
3678,1
3679,0
3680,0
3681,0
3682,3
3683,0
3684,3
3685,0
3686,3
3687,3
3688,0
3689,0
3690,3
3691,3
3692,3
3693,3
3694,3
3695,0
3696,3
3697,0
3698,3
3699,0
3700,0
3701,3
3702,3
3703,0
3704,0
3705,0
3706,3
3707,0
3708,0
3709,0
3710,3
3711,0
3712,5
3713,0
3714,4
3715,3
3716,3
3717,0
3718,0
3719,3
3720,5
3721,3
3722,3
3723,0
3724,0
3725,0
3726,3
3727,0
3728,3
3729,3
3730,0
3731,4
3732,0
3733,0
3734,0
3735,3
3736,0
3737,3
3738,3
3739,3
3740,0
3741,0
3742,0
3743,0
3744,3
3745,3
3746,0
3747,3
3748,0
3749,3
3750,0
3751,3
3752,0
3753,3
3754,0
3755,0
3756,0
3757,0
3758,3
3759,0
3760,3
3761,3
3762,0
3763,0
3764,3
3765,2
3766,0
3767,3
3768,3
3769,0
3770,0
3771,3
3772,0
3773,0
3774,3
3775,3
3776,3
3777,0
3778,4
3779,1
3780,3
3781,0
3782,0
3783,3
3784,3
3785,0
3786,3
3787,3
3788,0
3789,0
3790,0
3791,3
3792,3
3793,0
3794,0
3795,3
3796,0
3797,0
3798,3
3799,3
3800,3
3801,0
3802,0
3803,0
3804,3
3805,0
3806,3
3807,0
3808,0
3809,0
3810,3
3811,3
3812,3
3813,0
3814,0
3815,0
3816,0
3817,3
3818,3
3819,0
3820,3
3821,0
3822,0
3823,3
3824,0
3825,0
3826,0
3827,0
3828,3
3829,3
3830,3
3831,0
3832,0
3833,3
3834,3
3835,3
3836,0
3837,3
3838,3
3839,3
3840,0
3841,0
3842,3
3843,0
3844,3
3845,3
3846,0
3847,3
3848,3
3849,3
3850,0
3851,0
3852,0
3853,0
3854,0
3855,3
3856,3
3857,3
3858,0
3859,3
3860,3
3861,3
3862,3
3863,1
3864,0
3865,3
3866,0
3867,0
3868,3
3869,0
3870,3
3871,3
3872,3
3873,0
3874,0
3875,0
3876,0
3877,3
3878,3
3879,0
3880,3
3881,3
3882,0
3883,3
3884,3
3885,3
3886,3
3887,3
3888,3
3889,3
3890,0
3891,0
3892,0
3893,3
3894,3
3895,3
3896,3
3897,3
3898,0
3899,3
3900,3
3901,3
3902,3
3903,0
3904,0
3905,3
3906,3
3907,1
3908,0
3909,3
3910,3
3911,3
3912,0
3913,3
3914,0
3915,0
3916,0
3917,3
3918,4
3919,3
3920,0
3921,0
3922,0
3923,3
3924,0
3925,0
3926,0
3927,3
3928,3
3929,4
3930,3
3931,0
3932,0
3933,0
3934,3
3935,3
3936,0
3937,3
3938,0
3939,0
3940,3
3941,3
3942,0
3943,0
3944,3
3945,3
3946,0
3947,0
3948,3
3949,3
3950,0
3951,0
3952,3
3953,3
3954,3
3955,3
3956,3
3957,0
3958,0
3959,4
3960,0
3961,0
3962,3
3963,0
3964,0
3965,0
3966,0
3967,0
3968,3
3969,3
3970,3
3971,3
3972,0
3973,3
3974,0
3975,0
3976,3
3977,0
3978,0
3979,0
3980,0
3981,3
3982,0
3983,3
3984,0
3985,3
3986,0
3987,3
3988,0
3989,0
3990,3
3991,0
3992,3
3993,3
3994,0
3995,3
3996,0
3997,3
3998,0
3999,3
4000,3
4001,3
4002,3
4003,0
4004,0
4005,3
4006,0
4007,3
4008,3
4009,0
4010,3
4011,0
4012,0
4013,3
4014,0
4015,3
4016,3
4017,0
4018,3
4019,0
4020,3
4021,3
4022,3
4023,0
4024,0
4025,3
4026,0
4027,3
4028,0
4029,3
4030,3
4031,0
4032,3
4033,3
4034,0
4035,0
4036,3
4037,0
4038,0
4039,3
4040,3
4041,0
4042,0
4043,0
4044,0
4045,0
4046,0
4047,3
4048,0
4049,3
4050,3
4051,0
4052,4
4053,3
4054,3
4055,3
4056,5
4057,3
4058,3
4059,0
4060,0
4061,2
4062,3
4063,3
4064,0
4065,3
4066,3
4067,0
4068,0
4069,3
4070,0
4071,3
4072,0
4073,3
4074,0
4075,3
4076,3
4077,3
4078,5
4079,0
4080,3
4081,0
4082,3
4083,0
4084,3
4085,0
4086,3
4087,3
4088,3
4089,0
4090,5
4091,4
4092,0
4093,0
4094,0
4095,0
4096,3
4097,3
4098,3
4099,3
4100,0
4101,3
4102,3
4103,3
4104,0
4105,3
4106,3
4107,3
4108,0
4109,3
4110,0
4111,3
4112,0
4113,3
4114,3
4115,3
4116,3
4117,0
4118,3
4119,0
4120,3
4121,3
4122,0
4123,0
4124,0
4125,0
4126,0
4127,0
4128,3
4129,2
4130,0
4131,3
4132,0
4133,1
4134,3
4135,0
4136,0
4137,4
4138,3
4139,0
4140,3
4141,0
4142,3
4143,0
4144,3
4145,3
4146,0
4147,3
4148,0
4149,3
4150,0
4151,0
4152,0
4153,4
4154,3
4155,0
4156,0
4157,0
4158,0
4159,0
4160,3
4161,3
4162,3
4163,0
4164,1
4165,0
4166,0
4167,3
4168,0
4169,0
4170,0
4171,0
4172,3
4173,3
4174,0
4175,0
4176,3
4177,3
4178,0
4179,0
4180,3
4181,4
4182,0
4183,3
4184,0
4185,3
4186,3
4187,3
4188,0
4189,0
4190,3
4191,3
4192,3
4193,0
4194,3
4195,3
4196,0
4197,0
4198,3
4199,0
4200,3
4201,3
4202,3
4203,3
4204,3
4205,2
4206,3
4207,0
4208,3
4209,3
4210,0
4211,3
4212,0
4213,1
4214,0
4215,0
4216,2
4217,3
4218,0
4219,3
4220,3
4221,0
4222,0
4223,3
4224,3
4225,0
4226,0
4227,3
4228,3
4229,0
4230,0
4231,0
4232,0
4233,3
4234,0
4235,0
4236,0
4237,3
4238,3
4239,3
4240,3
4241,3
4242,0
4243,3
4244,3
4245,3
4246,3
4247,3
4248,0
4249,3
4250,3
4251,3
4252,3
4253,0
4254,0
4255,2
4256,0
4257,3
4258,3
4259,0
4260,0
4261,5
4262,0
4263,3
4264,0
4265,3
4266,3
4267,3
4268,0
4269,3
4270,0
4271,0
4272,3
4273,0
4274,3
4275,0
4276,0
4277,0
4278,4
4279,3
4280,3
4281,0
4282,3
4283,3
4284,0
4285,3
4286,0
4287,3
4288,0
4289,0
4290,3
4291,3
4292,3
4293,0
4294,3
4295,3
4296,4
4297,0
4298,0
4299,3
4300,0
4301,0
4302,3
4303,3
4304,3
4305,3
4306,3
4307,0
4308,3
4309,3
4310,3
4311,3
4312,0
4313,3
4314,0
4315,0
4316,0
4317,3
4318,0
4319,3
4320,3
4321,3
4322,3
4323,2
4324,0
4325,3
4326,3
4327,0
4328,3
4329,0
4330,0
4331,0
4332,3
4333,3
4334,3
4335,3
4336,0
4337,3
4338,0
4339,5
4340,3
4341,0
4342,0
4343,3
4344,0
4345,3
4346,3
4347,5
4348,3
4349,0
4350,0
4351,0
4352,0
4353,0
4354,3
4355,3
4356,0
4357,0
4358,3
4359,3
4360,3
4361,3
4362,3
4363,0
4364,3
4365,1
4366,3
4367,0
4368,3
4369,3
4370,0
4371,3
4372,3
4373,0
4374,3
4375,0
4376,3
4377,0
4378,0
4379,0
4380,3
4381,3
4382,0
4383,5
4384,0
4385,3
4386,0
4387,3
4388,0
4389,0
4390,0
4391,3
4392,3
4393,3
4394,5
4395,0
4396,0
4397,1
4398,0
4399,3
4400,3
4401,3
4402,0
4403,3
4404,3
4405,3
4406,3
4407,3
4408,0
4409,1
4410,3
4411,0
4412,3
4413,3
4414,0
4415,0
4416,3
4417,3
4418,3
4419,0
4420,3
4421,0
4422,3
4423,3
4424,3
4425,0
4426,0
4427,3
4428,2
4429,3
4430,0
4431,3
4432,0
4433,0
4434,0
4435,4
4436,0
4437,3
4438,3
4439,3
4440,3
4441,0
4442,3
4443,3
4444,0
4445,3
4446,0
4447,0
4448,3
4449,3
4450,0
4451,3
4452,0
4453,0
4454,3
4455,3
4456,0
4457,3
4458,3
4459,0
4460,3
4461,3
4462,3
4463,0
4464,3
4465,3
4466,0
4467,5
4468,3
4469,0
4470,0
4471,3
4472,0
4473,0
4474,0
4475,3
4476,0
4477,3
4478,0
4479,0
4480,0
4481,0
4482,0
4483,0
4484,0
4485,0
4486,3
4487,0
4488,3
4489,3
4490,3
4491,3
4492,3
4493,3
4494,3
4495,0
4496,0
4497,0
4498,3
4499,0
4500,0
4501,0
4502,0
4503,0
4504,0
4505,3
4506,0
4507,3
4508,0
4509,0
4510,3
4511,3
4512,0
4513,3
4514,0
4515,2
4516,3
4517,0
4518,3
4519,3
4520,3
4521,3
4522,3
4523,3
4524,3
4525,3
4526,3
4527,0
4528,3
4529,0
4530,0
4531,0
4532,3
4533,0
4534,3
4535,3
4536,0
4537,3
4538,3
4539,0
4540,0
4541,0
4542,3
4543,0
4544,0
4545,3
4546,3
4547,3
4548,0
4549,3
4550,3
4551,0
4552,3
4553,2
4554,0
4555,3
4556,0
4557,0
4558,3
4559,0
4560,0
4561,0
4562,3
4563,0
4564,0
4565,0
4566,0
4567,3
4568,3
4569,0
4570,3
4571,0
4572,0
4573,0
4574,0
4575,3
4576,0
4577,0
4578,3
4579,3
4580,4
4581,3
4582,3
4583,3
4584,0
4585,3
4586,3
4587,3
4588,0
4589,3
4590,0
4591,3
4592,0
4593,3
4594,0
4595,0
4596,0
4597,0
4598,0
4599,3
4600,0
4601,3
4602,3
4603,0
4604,0
4605,3
4606,0
4607,3
4608,3
4609,0
4610,3
4611,3
4612,0
4613,0
4614,3
4615,0
4616,3
4617,0
4618,0
4619,2
4620,0
4621,3
4622,0
4623,0
4624,0
4625,0
4626,0
4627,0
4628,5
4629,3
4630,3
4631,3
4632,0
4633,3
4634,3
4635,3
4636,3
4637,3
4638,3
4639,0
4640,3
4641,3
4642,0
4643,0
4644,0
4645,0
4646,0
4647,3
4648,0
4649,0
4650,3
4651,3
4652,0
4653,0
4654,0
4655,0
4656,3
4657,0
4658,0
4659,0
4660,3
4661,3
4662,0
4663,3
4664,3
4665,3
4666,3
4667,0
4668,3
4669,3
4670,3
4671,3
4672,3
4673,3
4674,3
4675,0
4676,3
4677,0
4678,0
4679,3
4680,0
4681,0
4682,1
4683,0
4684,0
4685,0
4686,3
4687,0
4688,3
4689,3
4690,3
4691,3
4692,3
4693,0
4694,3
4695,0
4696,0
4697,0
4698,0
4699,5
4700,3
4701,3
4702,0
4703,0
4704,0
4705,3
4706,0
4707,0
4708,0
4709,0
4710,3
4711,0
4712,3
4713,0
4714,0
4715,0
4716,0
4717,3
4718,0
4719,0
4720,0
4721,0
4722,0
4723,0
4724,0
4725,0
4726,0
4727,0
4728,0
4729,0
4730,3
4731,0
4732,0
4733,0
4734,0
4735,0
4736,0
4737,0
4738,0
4739,0
4740,3
4741,0
4742,3
4743,3
4744,0
4745,3
4746,3
4747,3
4748,3
4749,3
4750,3
4751,3
4752,0
4753,3
4754,3
4755,0
4756,0
4757,0
4758,3
4759,0
4760,0
4761,0
4762,3
4763,4
4764,3
4765,0
4766,5
4767,0
4768,3
4769,0
4770,3
4771,3
4772,0
4773,5
4774,3
4775,3
4776,3
4777,0
4778,3
4779,3
4780,3
4781,3
4782,0
4783,3
4784,0
4785,3
4786,0
4787,0
4788,3
4789,3
4790,3
4791,3
4792,0
4793,3
4794,0
4795,0
4796,0
4797,3
4798,0
4799,3
4800,0
4801,2
4802,0
4803,0
4804,3
4805,0
4806,3
4807,3
4808,3
4809,0
4810,0
4811,3
4812,3
4813,0
4814,0
4815,0
4816,3
4817,0
4818,0
4819,3
4820,0
4821,1
4822,3
4823,0
4824,3
4825,3
4826,0
4827,0
4828,4
4829,3
4830,0
4831,0
4832,3
4833,0
4834,0
4835,3
4836,0
4837,0
4838,0
4839,3
4840,3
4841,3
4842,0
4843,0
4844,3
4845,3
4846,0
4847,0
4848,0
4849,3
4850,0
4851,0
4852,0
4853,0
4854,3
4855,3
4856,3
4857,0
4858,3
4859,0
4860,3
4861,3
4862,3
4863,3
4864,0
4865,3
4866,0
4867,3
4868,3
4869,5
4870,3
4871,3
4872,3
4873,4
4874,3
4875,3
4876,0
4877,0
4878,4
4879,0
4880,3
4881,3
4882,0
4883,0
4884,3
4885,0
4886,3
4887,3
4888,3
4889,3
4890,3
4891,0
4892,0
4893,3
4894,2
4895,3
4896,3
4897,0
4898,3
4899,0
4900,3
4901,0
4902,3
4903,3
4904,5
4905,3
4906,3
4907,0
4908,0
4909,1
4910,0
4911,5
4912,3
4913,3
4914,0
4915,2
4916,3
4917,3
4918,3
4919,3
4920,0
4921,3
4922,3
4923,0
4924,4
4925,5
4926,0
4927,0
4928,0
4929,0
4930,3
4931,3
4932,3
4933,0
4934,3
4935,0
4936,0
4937,3
4938,3
4939,0
4940,4
4941,0
4942,3
4943,0
4944,3
4945,0
4946,0
4947,0
4948,0
4949,0
4950,3
4951,4
4952,0
4953,3
4954,0
4955,0
4956,0
4957,3
4958,0
4959,3
4960,0
4961,4
4962,0
4963,3
4964,3
4965,2
4966,3
4967,0
4968,3
4969,0
4970,3
4971,0
4972,0
4973,0
4974,3
4975,3
4976,3
4977,3
4978,3
4979,0
4980,3
4981,0
4982,3
4983,3
4984,0
4985,3
4986,3
4987,3
4988,3
4989,0
4990,0
4991,3
4992,0
4993,0
4994,3
4995,0
4996,3
4997,3
4998,3
4999,3
5000,3
5001,3
5002,0
5003,3
5004,0
5005,0
5006,3
5007,3
5008,3
5009,3
5010,0
5011,0
5012,3
5013,0
5014,3
5015,0
5016,0
5017,3
5018,2
5019,3
5020,0
5021,3
5022,3
5023,0
5024,3
5025,0
5026,0
5027,3
5028,3
5029,3
5030,0
5031,3
5032,3
5033,0
5034,3
5035,0
5036,0
5037,3
5038,0
5039,3
5040,0
5041,0
5042,3
5043,3
5044,4
5045,3
5046,3
5047,0
5048,0
5049,3
5050,0
5051,3
5052,0
5053,3
5054,3
5055,3
5056,5
5057,3
5058,0
5059,0
5060,0
5061,0
5062,0
5063,3
5064,3
5065,4
5066,3
5067,0
5068,5
5069,0
5070,3
5071,3
5072,3
5073,3
5074,0
5075,0
5076,0
5077,0
5078,3
5079,3
5080,3
5081,3
5082,3
5083,3
5084,0
5085,3
5086,3
5087,0
5088,3
5089,0
5090,0
5091,0
5092,0
5093,0
5094,0
5095,3
5096,0
5097,0
5098,0
5099,1
5100,3
5101,3
5102,0
5103,3
5104,3
5105,0
5106,3
5107,0
5108,3
5109,1
5110,0
5111,0
5112,0
5113,0
5114,3
5115,3
5116,3
5117,0
5118,3
5119,3
5120,0
5121,3
5122,0
5123,3
5124,3
5125,0
5126,0
5127,3
5128,3
5129,0
5130,0
5131,3
5132,3
5133,0
5134,3
5135,3
5136,3
5137,0
5138,3
5139,0
5140,3
5141,0
5142,0
5143,3
5144,0
5145,3
5146,3
5147,0
5148,3
5149,0
5150,3
5151,3
5152,3
5153,0
5154,3
5155,3
5156,3
5157,3
5158,5
5159,3
5160,0
5161,3
5162,3
5163,3
5164,0
5165,0
5166,3
5167,3
5168,3
5169,0
5170,3
5171,3
5172,0
5173,3
5174,3
5175,3
5176,0
5177,3
5178,0
5179,3
5180,3
5181,0
5182,0
5183,3
5184,0
5185,3
5186,3
5187,0
5188,0
5189,3
5190,3
5191,3
5192,3
5193,0
5194,3
5195,3
5196,0
5197,0
5198,0
5199,0
5200,0
5201,0
5202,3
5203,3
5204,3
5205,3
5206,0
5207,0
5208,3
5209,0
5210,3
5211,3
5212,3
5213,0
5214,5
5215,0
5216,3
5217,0
5218,0
5219,2
5220,3
5221,3
5222,0
5223,3
5224,0
5225,0
5226,3
5227,3
5228,3
5229,3
5230,0
5231,3
5232,3
5233,3
5234,0
5235,3
5236,3
5237,0
5238,3
5239,3
5240,0
5241,0
5242,0
5243,3
5244,3
5245,3
5246,0
5247,3
5248,3
5249,0
5250,0
5251,3
5252,0
5253,3
5254,2
5255,3
5256,3
5257,0
5258,0
5259,5
5260,3
5261,5
5262,3
5263,0
5264,3
5265,0
5266,3
5267,3
5268,0
5269,3
5270,0
5271,3
5272,0
5273,3
5274,3
5275,3
5276,0
5277,0
5278,3
5279,3
5280,3
5281,0
5282,0
5283,3
5284,0
5285,0
5286,3
5287,3
5288,0
5289,3
5290,3
5291,0
5292,3
5293,0
5294,0
5295,3
5296,3
5297,0
5298,0
5299,3
5300,3
5301,3
5302,3
5303,3
5304,3
5305,3
5306,0
5307,3
5308,3
5309,0
5310,0
5311,3
5312,3
5313,3
5314,5
5315,0
5316,0
5317,0
5318,3
5319,0
5320,0
5321,0
5322,0
5323,1
5324,3
5325,3
5326,3
5327,3
5328,0
5329,5
5330,0
5331,0
5332,0
5333,3
5334,3
5335,0
5336,3
5337,0
5338,3
5339,0
5340,3
5341,3
5342,3
5343,5
5344,3
5345,3
5346,0
5347,0
5348,3
5349,0
5350,0
5351,3
5352,2
5353,3
5354,3
5355,0
5356,5
5357,3
5358,0
5359,3
5360,0
5361,3
5362,3
5363,3
5364,3
5365,0
5366,0
5367,5
5368,3
5369,3
5370,3
5371,0
5372,0
5373,3
5374,3
5375,0
5376,3
5377,3
5378,0
5379,0
5380,3
5381,3
5382,0
5383,0
5384,0
5385,3
5386,0
5387,3
5388,3
5389,3
5390,0
5391,3
5392,0
5393,3
5394,0
5395,0
5396,0
5397,5
5398,0
5399,3
5400,0
5401,3
5402,0
5403,0
5404,3
5405,3
5406,0
5407,0
5408,3
5409,3
5410,0
5411,0
5412,0
5413,4
5414,0
5415,3
5416,3
5417,3
5418,3
5419,3
5420,3
5421,0
5422,3
5423,0
5424,3
5425,1
5426,0
5427,3
5428,0
5429,0
5430,3
5431,1
5432,3
5433,0
5434,3
5435,3
5436,3
5437,3
5438,0
5439,0
5440,0
5441,3
5442,0
5443,0
5444,0
5445,3
5446,0
5447,3
5448,0
5449,3
5450,0
5451,3
5452,0
5453,3
5454,0
5455,0
5456,0
5457,3
5458,3
5459,3
5460,3
5461,3
5462,3
5463,0
5464,0
5465,3
5466,0
5467,0
5468,3
5469,3
5470,3
5471,0
5472,0
5473,0
5474,3
5475,0
5476,0
5477,3
5478,3
5479,0
5480,3
5481,0
5482,0
5483,0
5484,3
5485,0
5486,0
5487,0
5488,3
5489,3
5490,3
5491,0
5492,0
5493,3
5494,3
5495,3
5496,0
5497,3
5498,0
5499,3
5500,3
5501,3
5502,0
5503,3
5504,3
5505,0
5506,0
5507,0
5508,3
5509,3
5510,3
5511,0
5512,0
5513,0
5514,3
5515,3
5516,5
5517,3
5518,0
5519,0
5520,3
5521,0
5522,3
5523,0
5524,0
5525,0
5526,3
5527,3
5528,0
5529,0
5530,0
5531,3
5532,0
5533,3
5534,0
5535,3
5536,0
5537,0
5538,0
5539,3
5540,3
5541,1
5542,3
5543,0
5544,0
5545,3
5546,3
5547,0
5548,0
5549,3
5550,0
5551,3
5552,3
5553,3
5554,3
5555,3
5556,0
5557,3
5558,0
5559,3
5560,3
5561,3
5562,3
5563,0
5564,3
5565,3
5566,4
5567,3
5568,0
5569,0
5570,3
5571,3
5572,3
5573,3
5574,3
5575,0
5576,3
5577,3
5578,3
5579,3
5580,0
5581,0
5582,1
5583,3
5584,3
5585,0
5586,0
5587,0
5588,3
5589,3
5590,0
5591,3
5592,0
5593,3
5594,3
5595,0
5596,0
5597,3
5598,0
5599,0
5600,3
5601,3
5602,3
5603,3
5604,3
5605,3
5606,3
5607,0
5608,0
5609,0
5610,3
5611,3
5612,0
5613,0
5614,2
5615,0
5616,0
5617,3
5618,0
5619,3
5620,3
5621,3
5622,0
5623,0
5624,0
5625,0
5626,3
5627,3
5628,3
5629,3
5630,3
5631,0
5632,0
5633,0
5634,3
5635,0
5636,3
5637,3
5638,0
5639,3
5640,0
5641,0
5642,0
5643,3
5644,3
5645,3
5646,3
5647,3
5648,0
5649,0
5650,3
5651,0
5652,3
5653,0
5654,3
5655,0
5656,3
5657,3
5658,0
5659,0
5660,3
5661,1
5662,3
5663,0
5664,3
5665,3
5666,2
5667,4
5668,3
5669,3
5670,5
5671,4
5672,0
5673,3
5674,3
5675,3
5676,3
5677,3
5678,3
5679,0
5680,0
5681,3
5682,3
5683,0
5684,0
5685,0
5686,0
5687,0
5688,0
5689,0
5690,0
5691,0
5692,0
5693,3
5694,3
5695,3
5696,3
5697,3
5698,0
5699,3
5700,3
5701,0
5702,0
5703,0
5704,3
5705,0
5706,0
5707,0
5708,3
5709,4
5710,0
5711,3
5712,0
5713,0
5714,0
5715,0
5716,3
5717,3
5718,0
5719,3
5720,0
5721,3
5722,3
5723,0
5724,0
5725,0
5726,0
5727,3
5728,3
5729,3
5730,0
5731,3
5732,3
5733,3
5734,0
5735,0
5736,0
5737,0
5738,2
5739,2
5740,0
5741,3
5742,3
5743,4
5744,0
5745,4
5746,3
5747,3
5748,3
5749,3
5750,3
5751,1
5752,3
5753,0
5754,3
5755,3
5756,0
5757,0
5758,3
5759,0
5760,3
5761,0
5762,3
5763,3
5764,3
5765,3
5766,3
5767,3
5768,3
5769,3
5770,3
5771,3
5772,3
5773,0
5774,0
5775,3
5776,0
5777,3
5778,0
5779,0
5780,3
5781,3
5782,3
5783,3
5784,0
5785,0
5786,0
5787,3
5788,0
5789,3
5790,0
5791,0
5792,0
5793,0
5794,3
5795,3
5796,0
5797,3
5798,3
5799,0
5800,3
5801,0
5802,0
5803,0
5804,0
5805,3
5806,3
5807,0
5808,0
5809,0
5810,3
5811,2
5812,0
5813,3
5814,3
5815,3
5816,3
5817,3
5818,3
5819,3
5820,3
5821,0
5822,3
5823,0
5824,0
5825,3
5826,3
5827,3
5828,0
5829,3
5830,0
5831,0
5832,0
5833,3
5834,3
5835,0
5836,4
5837,3
5838,0
5839,0
5840,3
5841,3
5842,3
5843,0
5844,3
5845,0
5846,3
5847,5
5848,0
5849,0
5850,0
5851,3
5852,0
5853,3
5854,3
5855,0
5856,3
5857,0
5858,0
5859,3
5860,0
5861,0
5862,0
5863,3
5864,0
5865,3
5866,3
5867,3
5868,3
5869,3
5870,3
5871,3
5872,2
5873,3
5874,0
5875,0
5876,3
5877,0
5878,3
5879,0
5880,0
5881,3
5882,3
5883,2
5884,3
5885,3
5886,3
5887,3
5888,3
5889,3
5890,0
5891,0
5892,3
5893,3
5894,3
5895,3
5896,3
5897,3
5898,0
5899,0
5900,3
5901,0
5902,3
5903,0
5904,3
5905,3
5906,0
5907,3
5908,3
5909,3
5910,0
5911,3
5912,0
5913,0
5914,3
5915,0
5916,0
5917,3
5918,3
5919,3
5920,3
5921,0
5922,3
5923,3
5924,0
5925,3
5926,3
5927,3
5928,3
5929,3
5930,0
5931,0
5932,0
5933,0
5934,0
5935,4
5936,3
5937,0
5938,3
5939,0
5940,3
5941,3
5942,0
5943,0
5944,3
5945,0
5946,0
5947,0
5948,3
5949,0
5950,3
5951,0
5952,3
5953,3
5954,0
5955,3
5956,0
5957,0
5958,3
5959,3
5960,0
5961,0
5962,3
5963,5
5964,3
5965,1
5966,0
5967,3
5968,3
5969,0
5970,3
5971,3
5972,3
5973,0
5974,0
5975,3
5976,3
5977,3
5978,0
5979,3
5980,0
5981,0
5982,3
5983,3
5984,0
5985,0
5986,0
5987,3
5988,0
5989,3
5990,3
5991,0
5992,5
5993,3
5994,0
5995,3
5996,3
5997,0
5998,0
5999,3
6000,0
6001,0
6002,3
6003,3
6004,3
6005,0
6006,0
6007,0
6008,0
6009,0
6010,3
6011,0
6012,0
6013,0
6014,0
6015,0
6016,0
6017,3
6018,0
6019,0
6020,3
6021,0
6022,3
6023,3
6024,0
6025,3
6026,3
6027,3
6028,0
6029,0
6030,3
6031,3
6032,3
6033,0
6034,0
6035,3
6036,3
6037,0
6038,0
6039,3
6040,3
6041,0
6042,0
6043,0
6044,0
6045,0
6046,0
6047,2
6048,3
6049,0
6050,0
6051,3
6052,3
6053,3
6054,3
6055,0
6056,3
6057,4
6058,0
6059,0
6060,3
6061,0
6062,0
6063,3
6064,0
6065,3
6066,5
6067,0
6068,5
6069,3
6070,0
6071,0
6072,3
6073,0
6074,3
6075,5
6076,0
6077,0
6078,0
6079,3
6080,3
6081,0
6082,0
6083,3
6084,3
6085,3
6086,0
6087,3
6088,3
6089,0
6090,3
6091,0
6092,0
6093,3
6094,0
6095,0
6096,3
6097,3
6098,3
6099,3
6100,0
6101,0
6102,3
6103,3
6104,3
6105,3
6106,3
6107,0
6108,3
6109,3
6110,0
6111,3
6112,0
6113,3
6114,0
6115,0
6116,0
6117,3
6118,0
6119,3
6120,0
6121,3
6122,0
6123,0
6124,3
6125,0
6126,3
6127,3
6128,0
6129,0
6130,2
6131,0
6132,0
6133,3
6134,3
6135,0
6136,0
6137,0
6138,3
6139,3
6140,0
6141,3
6142,0
6143,5
6144,0
6145,0
6146,0
6147,0
6148,3
6149,3
6150,0
6151,3
6152,3
6153,0
6154,3
6155,0
6156,3
6157,3
6158,3
6159,3
6160,3
6161,3
6162,3
6163,3
6164,3
6165,3
6166,0
6167,3
6168,0
6169,0
6170,0
6171,3
6172,3
6173,3
6174,3
6175,0
6176,0
6177,0
6178,3
6179,3
6180,3
6181,3
6182,0
6183,3
6184,0
6185,1
6186,3
6187,3
6188,0
6189,0
6190,0
6191,0
6192,3
6193,3
6194,3
6195,0
6196,0
6197,0
6198,3
6199,3
6200,0
6201,3
6202,0
6203,3
6204,0
6205,3
6206,0
6207,3
6208,3
6209,4
6210,0
6211,0
6212,3
6213,3
6214,0
6215,0
6216,0
6217,4
6218,3
6219,4
6220,0
6221,0
6222,0
6223,0
6224,3
6225,3
6226,3
6227,3
6228,3
6229,0
6230,3
6231,0
6232,0
6233,5
6234,3
6235,3
6236,3
6237,0
6238,3
6239,3
6240,0
6241,3
6242,0
6243,3
6244,3
6245,0
6246,3
6247,0
6248,0
6249,2
6250,0
6251,3
6252,3
6253,5
6254,0
6255,3
6256,3
6257,3
6258,0
6259,0
6260,3
6261,0
6262,0
6263,3
6264,0
6265,3
6266,0
6267,0
6268,0
6269,0
6270,0
6271,0
6272,0
6273,3
6274,0
6275,3
6276,3
6277,0
6278,3
6279,2
6280,3
6281,0
6282,3
6283,0
6284,3
6285,3
6286,3
6287,0
6288,3
6289,0
6290,0
6291,0
6292,3
6293,0
6294,3
6295,3
6296,3
6297,0
6298,0
6299,3
6300,3
6301,3
6302,1
6303,0
6304,3
6305,0
6306,0
6307,0
6308,0
6309,0
6310,3
6311,0
6312,3
6313,3
6314,0
6315,3
6316,3
6317,3
6318,0
6319,3
6320,3
6321,0
6322,0
6323,0
6324,0
6325,0
6326,3
6327,0
6328,0
6329,3
6330,3
6331,3
6332,3
6333,3
6334,3
6335,0
6336,3
6337,0
6338,3
6339,0
6340,0
6341,0
6342,4
6343,3
6344,3
6345,0
6346,5
6347,0
6348,0
6349,3
6350,3
6351,0
6352,0
6353,0
6354,3
6355,3
6356,0
6357,0
6358,3
6359,0
6360,0
6361,0
6362,0
6363,3
6364,0
6365,3
6366,0
6367,3
6368,3
6369,0
6370,3
6371,3
6372,3
6373,3
6374,0
6375,0
6376,3
6377,3
6378,0
6379,0
6380,0
6381,0
6382,0
6383,0
6384,3
6385,0
6386,3
6387,3
6388,3
6389,0
6390,3
6391,3
6392,0
6393,0
6394,3
6395,3
6396,3
6397,5
6398,3
6399,0
6400,0
6401,0
6402,3
6403,0
6404,0
6405,0
6406,3
6407,0
6408,5
6409,2
6410,1
6411,3
6412,3
6413,3
6414,3
6415,0
6416,0
6417,0
6418,3
6419,3
6420,3
6421,0
6422,3
6423,3
6424,3
6425,0
6426,0
6427,3
6428,3
6429,3
6430,3
6431,0
6432,3
6433,3
6434,3
6435,1
6436,0
6437,4
6438,3
6439,0
6440,0
6441,5
6442,0
6443,0
6444,0
6445,3
6446,0
6447,3
6448,3
6449,0
6450,0
6451,0
6452,0
6453,3
6454,0
6455,0
6456,3
6457,0
6458,0
6459,5
6460,0
6461,3
6462,3
6463,0
6464,0
6465,3
6466,0
6467,0
6468,3
6469,3
6470,0
6471,3
6472,0
6473,3
6474,0
6475,3
6476,0
6477,0
6478,0
6479,3
6480,1
6481,3
6482,3
6483,0
6484,0
6485,3
6486,0
6487,0
6488,3
6489,3
6490,3
6491,3
6492,3
6493,0
6494,0
6495,0
6496,3
6497,3
6498,0
6499,3
6500,3
6501,3
6502,0
6503,0
6504,0
6505,3
6506,0
6507,3
6508,3
6509,0
6510,0
6511,3
6512,3
6513,0
6514,0
6515,3
6516,3
6517,3
6518,3
6519,0
6520,3
6521,0
6522,0
6523,3
6524,3
6525,3
6526,3
6527,3
6528,3
6529,0
6530,0
6531,0
6532,0
6533,3
6534,3
6535,3
6536,0
6537,2
6538,3
6539,3
6540,0
6541,0
6542,0
6543,0
6544,0
6545,3
6546,3
6547,3
6548,3
6549,2
6550,0
6551,0
6552,0
6553,0
6554,3
6555,3
6556,3
6557,4
6558,3
6559,3
6560,0
6561,0
6562,3
6563,3
6564,0
6565,1
6566,0
6567,3
6568,0
6569,0
6570,3
6571,3
6572,3
6573,3
6574,3
6575,3
6576,3
6577,0
6578,0
6579,0
6580,0
6581,3
6582,3
6583,3
6584,3
6585,0
6586,1
6587,2
6588,0
6589,0
6590,0
6591,3
6592,0
6593,0
6594,3
6595,3
6596,2
6597,0
6598,0
6599,3
6600,5
6601,3
6602,0
6603,3
6604,0
6605,0
6606,4
6607,0
6608,3
6609,3
6610,3
6611,0
6612,0
6613,4
6614,0
6615,3
6616,0
6617,3
6618,3
6619,0
6620,3
6621,0
6622,3
6623,3
6624,0
6625,0
6626,3
6627,0
6628,3
6629,3
6630,0
6631,0
6632,0
6633,0
6634,3
6635,0
6636,0
6637,0
6638,3
6639,3
6640,3
6641,0
6642,3
6643,0
6644,0
6645,0
6646,0
6647,0
6648,0
6649,0
6650,0
6651,0
6652,3
6653,3
6654,0
6655,1
6656,3
6657,0
6658,0
6659,3
6660,2
6661,0
6662,3
6663,0
6664,3
6665,3
6666,3
6667,3
6668,0
6669,3
6670,3
6671,3
6672,3
6673,3
6674,0
6675,3
6676,0
6677,3
6678,0
6679,3
6680,3
6681,3
6682,0
6683,3
6684,3
6685,3
6686,0
6687,0
6688,3
6689,3
6690,3
6691,3
6692,0
6693,3
6694,0
6695,0
6696,3
6697,3
6698,0
6699,3
6700,3
6701,0
6702,3
6703,3
6704,3
6705,3
6706,3
6707,0
6708,0
6709,3
6710,0
6711,0
6712,3
6713,0
6714,3
6715,0
6716,3
6717,3
6718,0
6719,0
6720,0
6721,0
6722,0
6723,3
6724,3
6725,3
6726,3
6727,0
6728,0
6729,0
6730,2
6731,0
6732,0
6733,3
6734,3
6735,0
6736,0
6737,0
6738,3
6739,3
6740,3
6741,3
6742,3
6743,3
6744,0
6745,3
6746,0
6747,1
6748,0
6749,0
6750,0
6751,3
6752,3
6753,0
6754,0
6755,3
6756,3
6757,3
6758,0
6759,0
6760,0
6761,3
6762,0
6763,3
6764,3
6765,0
6766,5
6767,3
6768,0
6769,0
6770,0
6771,0
6772,3
6773,0
6774,0
6775,3
6776,3
6777,0
6778,0
6779,0
6780,3
6781,3
6782,0
6783,0
6784,0
6785,0
6786,0
6787,3
6788,0
6789,0
6790,3
6791,0
6792,0
6793,0
6794,3
6795,0
6796,0
6797,0
6798,0
6799,0
6800,3
6801,3
6802,3
6803,3
6804,0
6805,0
6806,0
6807,0
6808,3
6809,3
6810,0
6811,3
6812,3
6813,2
6814,3
6815,3
6816,3
6817,3
6818,3
6819,0
6820,0
6821,0
6822,0
6823,3
6824,0
6825,3
6826,0
6827,0
6828,0
6829,0
6830,3
6831,3
6832,0
6833,0
6834,3
6835,3
6836,0
6837,0
6838,3
6839,3
6840,3
6841,3
6842,0
6843,0
6844,0
6845,0
6846,3
6847,4
6848,3
6849,0
6850,0
6851,3
6852,3
6853,0
6854,3
6855,0
6856,3
6857,3
6858,0
6859,0
6860,0
6861,3
6862,0
6863,0
6864,0
6865,3
6866,3
6867,0
6868,3
6869,3
6870,0
6871,0
6872,1
6873,3
6874,3
6875,3
6876,3
6877,4
6878,0
6879,3
6880,3
6881,0
6882,3
6883,3
6884,3
6885,0
6886,3
6887,3
6888,0
6889,3
6890,0
6891,0
6892,0
6893,0
6894,0
6895,3
6896,0
6897,3
6898,3
6899,3
6900,3
6901,3
6902,3
6903,3
6904,3
6905,0
6906,3
6907,0
6908,3
6909,0
6910,3
6911,5
6912,0
6913,3
6914,0
6915,0
6916,3
6917,0
6918,3
6919,3
6920,3
6921,3
6922,0
6923,0
6924,0
6925,3
6926,3
6927,0
6928,2
6929,3
6930,3
6931,3
6932,3
6933,3
6934,5
6935,2
6936,2
6937,0
6938,3
6939,0
6940,3
6941,0
6942,3
6943,0
6944,3
6945,0
6946,3
6947,0
6948,3
6949,0
6950,3
6951,0
6952,0
6953,3
6954,3
6955,2
6956,0
6957,3
6958,3
6959,3
6960,0
6961,3
6962,0
6963,3
6964,0
6965,4
6966,0
6967,0
6968,0
6969,0
6970,3
6971,3
6972,0
6973,0
6974,0
6975,3
6976,0
6977,3
6978,0
6979,3
6980,0
6981,0
6982,3
6983,0
6984,0
6985,0
6986,3
6987,3
6988,0
6989,0
6990,3
6991,0
6992,0
6993,5
6994,0
6995,0
6996,3
6997,3
6998,0
6999,3
7000,0
7001,3
7002,3
7003,3
7004,0
7005,3
7006,3
7007,0
7008,0
7009,1
7010,0
7011,0
7012,0
7013,0
7014,0
7015,3
7016,3
7017,3
7018,3
7019,0
7020,0
7021,3
7022,2
7023,3
7024,3
7025,3
7026,3
7027,0
7028,0
7029,0
7030,0
7031,3
7032,0
7033,3
7034,0
7035,3
7036,0
7037,3
7038,3
7039,3
7040,3
7041,0
7042,3
7043,0
7044,0
7045,3
7046,0
7047,0
7048,0
7049,1
7050,3
7051,0
7052,0
7053,0
7054,3
7055,0
7056,3
7057,0
7058,3
7059,1
7060,3
7061,3
7062,3
7063,0
7064,3
7065,3
7066,0
7067,3
7068,3
7069,3
7070,0
7071,3
7072,0
7073,3
7074,3
7075,0
7076,0
7077,0
7078,2
7079,0
7080,3
7081,3
7082,3
7083,0
7084,3
7085,3
7086,3
7087,0
7088,0
7089,0
7090,3
7091,0
7092,0
7093,3
7094,0
7095,3
7096,0
7097,0
7098,3
7099,3
7100,3
7101,0
7102,0
7103,0
7104,0
7105,0
7106,0
7107,3
7108,3
7109,0
7110,5
7111,0
7112,3
7113,3
7114,3
7115,0
7116,0
7117,3
7118,3
7119,3
7120,0
7121,5
7122,3
7123,3
7124,0
7125,0
7126,0
7127,0
7128,3
7129,5
7130,0
7131,3
7132,3
7133,0
7134,0
7135,0
7136,0
7137,3
7138,3
7139,3
7140,0
7141,3
7142,3
7143,0
7144,0
7145,3
7146,3
7147,2
7148,0
7149,0
7150,3
7151,3
7152,0
7153,0
7154,0
7155,0
7156,0
7157,0
7158,4
7159,3
7160,0
7161,0
7162,3
7163,0
7164,3
7165,3
7166,3
7167,0
7168,0
7169,3
7170,0
7171,0
7172,4
7173,0
7174,3
7175,3
7176,3
7177,3
7178,3
7179,3
7180,0
7181,0
7182,0
7183,3
7184,0
7185,0
7186,3
7187,1
7188,3
7189,3
7190,3
7191,0
7192,3
7193,0
7194,0
7195,0
7196,3
7197,0
7198,0
7199,0
7200,5
7201,5
7202,2
7203,2
7204,2
7205,5
7206,2
7207,2
7208,5
7209,2
7210,5
7211,5
7212,2
7213,5
7214,2
7215,5
7216,5
7217,2
7218,5
7219,2
7220,2
7221,5
7222,2
7223,2
7224,5
7225,2
7226,2
7227,2
7228,5
7229,5
7230,5
7231,2
7232,5
7233,5
7234,5
7235,5
7236,2
7237,5
7238,5
7239,2
7240,5
7241,5
7242,5
7243,2
7244,2
7245,5
7246,5
7247,2
7248,2
7249,2
7250,2
7251,5
7252,5
7253,5
7254,2
7255,5
7256,2
7257,5
7258,2
7259,2
7260,2
7261,2
7262,2
7263,5
7264,2
7265,5
7266,5
7267,2
7268,5
7269,2
7270,5
7271,2
7272,5
7273,2
7274,2
7275,2
7276,2
7277,5
7278,2
7279,5
7280,2
7281,2
7282,5
7283,2
7284,2
7285,2
7286,2
7287,2
7288,2
7289,5
7290,5
7291,2
7292,2
7293,5
7294,0
7295,2
7296,5
7297,2
7298,2
7299,2
7300,5
7301,2
7302,5
7303,2
7304,5
7305,2
7306,5
7307,2
7308,5
7309,5
7310,5
7311,5
7312,2
7313,5
7314,2
7315,5
7316,5
7317,5
7318,5
7319,5
7320,2
7321,2
7322,2
7323,2
7324,2
7325,5
7326,5
7327,5
7328,5
7329,5
7330,2
7331,2
7332,2
7333,5
7334,5
7335,5
7336,5
7337,2
7338,2
7339,2
7340,5
7341,2
7342,5
7343,2
7344,5
7345,2
7346,5
7347,2
7348,2
7349,5
7350,2
7351,2
7352,5
7353,2
7354,2
7355,5
7356,5
7357,2
7358,2
7359,2
7360,5
7361,5
7362,2
7363,2
7364,5
7365,5
7366,5
7367,2
7368,5
7369,2
7370,2
7371,2
7372,2
7373,2
7374,5
7375,2
7376,5
7377,2
7378,5
7379,5
7380,5
7381,5
7382,2
7383,5
7384,5
7385,2
7386,5
7387,2
7388,5
7389,2
7390,2
7391,5
7392,5
7393,2
7394,5
7395,2
7396,5
7397,2
7398,5
7399,5
7400,5
7401,2
7402,5
7403,5
7404,2
7405,5
7406,5
7407,2
7408,2
7409,5
7410,5
7411,2
7412,5
7413,2
7414,5
7415,5
7416,2
7417,5
7418,5
7419,2
7420,2
7421,5
7422,2
7423,5
7424,5
7425,2
7426,5
7427,2
7428,2
7429,2
7430,5
7431,5
7432,2
7433,2
7434,2
7435,2
7436,5
7437,2
7438,5
7439,2
7440,5
7441,2
7442,5
7443,5
7444,2
7445,2
7446,2
7447,2
7448,2
7449,2
7450,2
7451,5
7452,2
7453,2
7454,2
7455,5
7456,5
7457,5
7458,5
7459,2
7460,2
7461,2
7462,2
7463,5
7464,5
7465,2
7466,5
7467,2
7468,2
7469,2
7470,2
7471,2
7472,5
7473,5
7474,2
7475,2
7476,5
7477,2
7478,2
7479,5
7480,5
7481,5
7482,2
7483,2
7484,5
7485,2
7486,2
7487,2
7488,5
7489,2
7490,5
7491,5
7492,2
7493,5
7494,2
7495,5
7496,2
7497,5
7498,2
7499,5
7500,5
7501,2
7502,2
7503,2
7504,5
7505,5
7506,2
7507,5
7508,2
7509,5
7510,2
7511,2
7512,5
7513,5
7514,5
7515,5
7516,5
7517,5
7518,2
7519,2
7520,2
7521,5
7522,2
7523,2
7524,2
7525,2
7526,5
7527,2
7528,5
7529,2
7530,5
7531,2
7532,5
7533,2
7534,2
7535,5
7536,2
7537,5
7538,5
7539,5
7540,5
7541,5
7542,2
7543,2
7544,2
7545,5
7546,5
7547,5
7548,2
7549,2
7550,2
7551,5
7552,5
7553,5
7554,5
7555,2
7556,2
7557,5
7558,5
7559,2
7560,5
7561,5
7562,5
7563,5
7564,2
7565,2
7566,2
7567,5
7568,5
7569,2
7570,5
7571,2
7572,2
7573,5
7574,2
7575,2
7576,5
7577,2
7578,5
7579,5
7580,5
7581,5
7582,2
7583,2
7584,5
7585,2
7586,5
7587,5
7588,2
7589,5
7590,2
7591,2
7592,5
7593,2
7594,2
7595,2
7596,2
7597,5
7598,2
7599,5
7600,5
7601,5
7602,2
7603,5
7604,2
7605,2
7606,5
7607,5
7608,5
7609,2
7610,5
7611,5
7612,5
7613,2
7614,2
7615,5
7616,5
7617,2
7618,5
7619,2
7620,2
7621,5
7622,5
7623,2
7624,2
7625,2
7626,2
7627,5
7628,2
7629,5
7630,5
7631,2
7632,5
7633,5
7634,5
7635,5
7636,5
7637,5
7638,2
7639,2
7640,5
7641,2
7642,2
7643,5
7644,2
7645,2
7646,2
7647,2
7648,2
7649,2
7650,2
7651,5
7652,2
7653,5
7654,5
7655,2
7656,5
7657,5
7658,5
7659,2
7660,5
7661,2
7662,5
7663,5
7664,5
7665,2
7666,5
7667,5
7668,2
7669,2
7670,2
7671,2
7672,2
7673,5
7674,5
7675,5
7676,2
7677,5
7678,2
7679,5
7680,2
7681,5
7682,2
7683,5
7684,5
7685,2
7686,5
7687,5
7688,2
7689,2
7690,5
7691,2
7692,2
7693,2
7694,2
7695,5
7696,5
7697,2
7698,2
7699,5
7700,5
7701,5
7702,5
7703,5
7704,5
7705,5
7706,2
7707,2
7708,2
7709,5
7710,5
7711,2
7712,2
7713,2
7714,2
7715,2
7716,5
7717,5
7718,2
7719,2
7720,2
7721,5
7722,2
7723,2
7724,2
7725,5
7726,5
7727,2
7728,2
7729,2
7730,2
7731,2
7732,2
7733,5
7734,5
7735,2
7736,2
7737,2
7738,2
7739,5
7740,5
7741,2
7742,2
7743,5
7744,2
7745,5
7746,5
7747,2
7748,2
7749,5
7750,5
7751,5
7752,2
7753,2
7754,2
7755,2
7756,2
7757,5
7758,2
7759,2
7760,2
7761,2
7762,2
7763,2
7764,5
7765,5
7766,2
7767,5
7768,5
7769,5
7770,5
7771,2
7772,5
7773,2
7774,5
7775,2
7776,2
7777,2
7778,2
7779,5
7780,5
7781,2
7782,5
7783,5
7784,5
7785,5
7786,2
7787,2
7788,2
7789,5
7790,5
7791,2
7792,2
7793,2
7794,2
7795,2
7796,5
7797,2
7798,2
7799,5
7800,5
7801,5
7802,5
7803,5
7804,5
7805,2
7806,5
7807,2
7808,5
7809,5
7810,5
7811,5
7812,5
7813,5
7814,5
7815,5
7816,5
7817,5
7818,2
7819,5
7820,2
7821,5
7822,2
7823,2
7824,2
7825,5
7826,2
7827,2
7828,2
7829,5
7830,2
7831,5
7832,2
7833,2
7834,5
7835,2
7836,5
7837,2
7838,5
7839,5
7840,5
7841,5
7842,2
7843,5
7844,2
7845,5
7846,5
7847,2
7848,2
7849,5
7850,5
7851,5
7852,2
7853,2
7854,2
7855,5
7856,5
7857,5
7858,2
7859,2
7860,2
7861,5
7862,2
7863,2
7864,5
7865,2
7866,5
7867,2
7868,2
7869,2
7870,5
7871,2
7872,2
7873,2
7874,2
7875,5
7876,2
7877,2
7878,2
7879,5
7880,5
7881,2
7882,5
7883,2
7884,2
7885,2
7886,2
7887,5
7888,2
7889,5
7890,2
7891,5
7892,5
7893,2
7894,2
7895,2
7896,2
7897,2
7898,5
7899,2
7900,2
7901,2
7902,5
7903,2
7904,5
7905,2
7906,2
7907,2
7908,2
7909,5
7910,5
7911,2
7912,2
7913,5
7914,2
7915,2
7916,5
7917,5
7918,5
7919,5
7920,2
7921,2
7922,2
7923,2
7924,5
7925,5
7926,2
7927,5
7928,2
7929,5
7930,5
7931,2
7932,5
7933,2
7934,2
7935,5
7936,2
7937,5
7938,5
7939,5
7940,5
7941,5
7942,2
7943,5
7944,5
7945,2
7946,5
7947,5
7948,5
7949,5
7950,5
7951,5
7952,2
7953,5
7954,2
7955,5
7956,5
7957,5
7958,5
7959,2
7960,2
7961,5
7962,5
7963,2
7964,5
7965,5
7966,2
7967,5
7968,2
7969,2
7970,2
7971,2
7972,2
7973,2
7974,2
7975,2
7976,5
7977,2
7978,2
7979,2
7980,2
7981,2
7982,2
7983,2
7984,2
7985,2
7986,2
7987,5
7988,5
7989,2
7990,2
7991,5
7992,2
7993,2
7994,5
7995,2
7996,2
7997,2
7998,5
7999,2
8000,2
8001,2
8002,0
8003,2
8004,2
8005,5
8006,5
8007,2
8008,2
8009,5
8010,2
8011,2
8012,5
8013,5
8014,5
8015,5
8016,2
8017,2
8018,5
8019,2
8020,2
8021,5
8022,5
8023,2
8024,5
8025,5
8026,2
8027,2
8028,2
8029,5
8030,2
8031,2
8032,5
8033,5
8034,2
8035,5
8036,2
8037,5
8038,2
8039,5
8040,2
8041,2
8042,5
8043,2
8044,2
8045,2
8046,5
8047,2
8048,2
8049,2
8050,2
8051,5
8052,2
8053,5
8054,5
8055,2
8056,2
8057,5
8058,2
8059,2
8060,2
8061,2
8062,2
8063,2
8064,5
8065,2
8066,2
8067,5
8068,5
8069,2
8070,2
8071,5
8072,5
8073,2
8074,2
8075,2
8076,2
8077,2
8078,2
8079,2
8080,5
8081,2
8082,2
8083,5
8084,2
8085,5
8086,2
8087,2
8088,2
8089,5
8090,5
8091,2
8092,5
8093,2
8094,2
8095,2
8096,2
8097,2
8098,2
8099,2
8100,2
8101,2
8102,2
8103,5
8104,2
8105,2
8106,5
8107,2
8108,5
8109,5
8110,2
8111,2
8112,5
8113,2
8114,2
8115,2
8116,2
8117,5
8118,5
8119,2
8120,2
8121,5
8122,2
8123,2
8124,2
8125,5
8126,2
8127,5
8128,2
8129,5
8130,5
8131,5
8132,5
8133,5
8134,5
8135,2
8136,5
8137,2
8138,2
8139,2
8140,5
8141,2
8142,2
8143,5
8144,2
8145,5
8146,5
8147,2
8148,5
8149,2
8150,2
8151,5
8152,5
8153,2
8154,2
8155,2
8156,2
8157,2
8158,2
8159,5
8160,0
8161,2
8162,5
8163,2
8164,2
8165,2
8166,5
8167,5
8168,5
8169,5
8170,2
8171,5
8172,5
8173,5
8174,5
8175,5
8176,5
8177,2
8178,5
8179,5
8180,5
8181,5
8182,5
8183,5
8184,2
8185,2
8186,2
8187,2
8188,2
8189,2
8190,5
8191,5
8192,2
8193,5
8194,2
8195,2
8196,5
8197,2
8198,2
8199,5
8200,5
8201,5
8202,2
8203,2
8204,5
8205,5
8206,5
8207,5
8208,2
8209,2
8210,2
8211,5
8212,5
8213,5
8214,2
8215,5
8216,5
8217,2
8218,2
8219,5
8220,5
8221,5
8222,2
8223,2
8224,5
8225,5
8226,5
8227,2
8228,5
8229,2
8230,2
8231,2
8232,2
8233,2
8234,2
8235,2
8236,5
8237,5
8238,5
8239,2
8240,2
8241,5
8242,2
8243,2
8244,2
8245,2
8246,5
8247,2
8248,2
8249,5
8250,2
8251,5
8252,2
8253,2
8254,5
8255,2
8256,2
8257,2
8258,5
8259,2
8260,5
8261,2
8262,5
8263,5
8264,2
8265,2
8266,5
8267,2
8268,2
8269,5
8270,2
8271,2
8272,5
8273,5
8274,5
8275,2
8276,5
8277,2
8278,5
8279,2
8280,5
8281,5
8282,5
8283,2
8284,5
8285,5
8286,5
8287,5
8288,2
8289,5
8290,5
8291,2
8292,2
8293,2
8294,2
8295,2
8296,2
8297,2
8298,2
8299,5
8300,2
8301,5
8302,2
8303,5
8304,5
8305,2
8306,2
8307,2
8308,5
8309,5
8310,5
8311,2
8312,2
8313,2
8314,2
8315,2
8316,2
8317,2
8318,2
8319,2
8320,5
8321,5
8322,2
8323,2
8324,2
8325,2
8326,5
8327,2
8328,5
8329,5
8330,2
8331,2
8332,5
8333,5
8334,5
8335,2
8336,5
8337,2
8338,5
8339,5
8340,5
8341,2
8342,5
8343,5
8344,5
8345,5
8346,2
8347,2
8348,5
8349,2
8350,2
8351,2
8352,5
8353,2
8354,2
8355,2
8356,2
8357,2
8358,2
8359,5
8360,2
8361,2
8362,5
8363,2
8364,2
8365,5
8366,5
8367,5
8368,5
8369,2
8370,2
8371,2
8372,5
8373,5
8374,2
8375,5
8376,5
8377,2
8378,5
8379,2
8380,2
8381,2
8382,5
8383,5
8384,5
8385,2
8386,5
8387,2
8388,2
8389,2
8390,5
8391,5
8392,5
8393,2
8394,5
8395,2
8396,5
8397,5
8398,5
8399,2
8400,2
8401,5
8402,2
8403,2
8404,2
8405,2
8406,5
8407,5
8408,5
8409,2
8410,5
8411,5
8412,2
8413,5
8414,5
8415,5
8416,5
8417,2
8418,2
8419,2
8420,2
8421,2
8422,2
8423,2
8424,2
8425,2
8426,2
8427,2
8428,5
8429,2
8430,2
8431,2
8432,5
8433,2
8434,5
8435,5
8436,5
8437,5
8438,2
8439,2
8440,2
8441,5
8442,2
8443,5
8444,5
8445,5
8446,5
8447,5
8448,2
8449,2
8450,2
8451,2
8452,5
8453,2
8454,2
8455,5
8456,5
8457,5
8458,2
8459,2
8460,5
8461,5
8462,2
8463,5
8464,5
8465,5
8466,5
8467,2
8468,5
8469,5
8470,2
8471,5
8472,2
8473,5
8474,5
8475,5
8476,5
8477,2
8478,5
8479,5
8480,2
8481,2
8482,5
8483,2
8484,2
8485,2
8486,5
8487,2
8488,2
8489,5
8490,5
8491,5
8492,2
8493,2
8494,2
8495,5
8496,5
8497,2
8498,2
8499,2
8500,2
8501,5
8502,2
8503,5
8504,2
8505,2
8506,2
8507,5
8508,2
8509,5
8510,5
8511,5
8512,5
8513,2
8514,5
8515,2
8516,2
8517,5
8518,2
8519,2
8520,5
8521,2
8522,5
8523,2
8524,5
8525,2
8526,5
8527,5
8528,2
8529,2
8530,5
8531,2
8532,2
8533,5
8534,5
8535,2
8536,5
8537,5
8538,2
8539,2
8540,5
8541,5
8542,5
8543,2
8544,2
8545,2
8546,2
8547,2
8548,5
8549,2
8550,5
8551,5
8552,5
8553,2
8554,5
8555,5
8556,5
8557,2
8558,2
8559,2
8560,2
8561,2
8562,2
8563,2
8564,5
8565,2
8566,5
8567,5
8568,5
8569,2
8570,2
8571,2
8572,5
8573,2
8574,2
8575,2
8576,5
8577,2
8578,2
8579,5
8580,5
8581,2
8582,2
8583,5
8584,2
8585,5
8586,2
8587,5
8588,5
8589,5
8590,5
8591,5
8592,2
8593,2
8594,5
8595,5
8596,2
8597,2
8598,2
8599,5
8600,5
8601,2
8602,2
8603,2
8604,5
8605,2
8606,5
8607,5
8608,2
8609,5
8610,2
8611,2
8612,2
8613,2
8614,5
8615,2
8616,5
8617,2
8618,5
8619,5
8620,2
8621,5
8622,5
8623,5
8624,5
8625,2
8626,5
8627,2
8628,5
8629,2
8630,5
8631,2
8632,5
8633,5
8634,2
8635,5
8636,5
8637,5
8638,2
8639,2
8640,2
8641,2
8642,5
8643,5
8644,2
8645,5
8646,2
8647,2
8648,5
8649,2
8650,2
8651,2
8652,2
8653,2
8654,2
8655,2
8656,2
8657,2
8658,5
8659,5
8660,2
8661,5
8662,5
8663,2
8664,5
8665,5
8666,2
8667,2
8668,5
8669,2
8670,2
8671,2
8672,5
8673,5
8674,5
8675,2
8676,2
8677,2
8678,2
8679,2
8680,2
8681,5
8682,2
8683,5
8684,5
8685,5
8686,5
8687,2
8688,2
8689,2
8690,2
8691,2
8692,2
8693,5
8694,2
8695,5
8696,5
8697,2
8698,5
8699,5
8700,5
8701,2
8702,5
8703,2
8704,5
8705,5
8706,5
8707,2
8708,5
8709,2
8710,5
8711,2
8712,5
8713,5
8714,2
8715,5
8716,5
8717,5
8718,2
8719,5
8720,5
8721,2
8722,2
8723,5
8724,2
8725,5
8726,2
8727,5
8728,2
8729,2
8730,2
8731,5
8732,2
8733,5
8734,2
8735,2
8736,5
8737,5
8738,2
8739,5
8740,5
8741,2
8742,2
8743,2
8744,5
8745,2
8746,5
8747,5
8748,2
8749,2
8750,2
8751,5
8752,5
8753,2
8754,2
8755,5
8756,2
8757,5
8758,2
8759,5
8760,2
8761,2
8762,5
8763,5
8764,2
8765,2
8766,5
8767,5
8768,2
8769,5
8770,2
8771,2
8772,2
8773,2
8774,2
8775,2
8776,5
8777,2
8778,2
8779,2
8780,5
8781,5
8782,5
8783,2
8784,2
8785,5
8786,2
8787,5
8788,5
8789,2
8790,2
8791,2
8792,2
8793,5
8794,2
8795,5
8796,2
8797,5
8798,5
8799,2
8800,2
8801,5
8802,5
8803,5
8804,5
8805,5
8806,5
8807,2
8808,2
8809,2
8810,2
8811,5
8812,5
8813,5
8814,5
8815,2
8816,2
8817,2
8818,5
8819,2
8820,5
8821,2
8822,5
8823,5
8824,2
8825,5
8826,2
8827,5
8828,2
8829,5
8830,2
8831,2
8832,2
8833,2
8834,2
8835,5
8836,5
8837,2
8838,2
8839,5
8840,2
8841,5
8842,5
8843,2
8844,2
8845,5
8846,5
8847,5
8848,5
8849,2
8850,2
8851,2
8852,5
8853,5
8854,5
8855,2
8856,5
8857,2
8858,5
8859,2
8860,2
8861,5
8862,5
8863,2
8864,2
8865,2
8866,2
8867,2
8868,2
8869,5
8870,5
8871,2
8872,5
8873,5
8874,5
8875,2
8876,5
8877,5
8878,2
8879,2
8880,2
8881,5
8882,5
8883,5
8884,2
8885,2
8886,5
8887,2
8888,5
8889,2
8890,2
8891,2
8892,5
8893,2
8894,5
8895,2
8896,2
8897,2
8898,2
8899,2
8900,5
8901,5
8902,2
8903,2
8904,2
8905,2
8906,5
8907,2
8908,2
8909,2
8910,5
8911,5
8912,2
8913,5
8914,5
8915,2
8916,5
8917,2
8918,5
8919,5
8920,5
8921,2
8922,2
8923,2
8924,2
8925,2
8926,2
8927,2
8928,2
8929,2
8930,2
8931,2
8932,2
8933,5
8934,2
8935,5
8936,2
8937,5
8938,5
8939,2
8940,2
8941,2
8942,5
8943,5
8944,5
8945,2
8946,5
8947,5
8948,2
8949,5
8950,2
8951,2
8952,2
8953,5
8954,2
8955,2
8956,5
8957,2
8958,2
8959,5
8960,2
8961,2
8962,5
8963,5
8964,2
8965,5
8966,2
8967,2
8968,2
8969,5
8970,2
8971,5
8972,2
8973,2
8974,5
8975,5
8976,2
8977,2
8978,5
8979,5
8980,5
8981,2
8982,5
8983,2
8984,2
8985,2
8986,5
8987,5
8988,5
8989,5
8990,5
8991,5
8992,5
8993,5
8994,5
8995,5
8996,2
8997,5
8998,5
8999,2
9000,2
9001,5
9002,5
9003,2
9004,5
9005,5
9006,5
9007,5
9008,5
9009,2
9010,2
9011,2
9012,2
9013,2
9014,5
9015,5
9016,5
9017,5
9018,5
9019,5
9020,5
9021,5
9022,5
9023,5
9024,2
9025,2
9026,5
9027,2
9028,2
9029,2
9030,2
9031,2
9032,2
9033,5
9034,5
9035,5
9036,2
9037,2
9038,5
9039,5
9040,5
9041,2
9042,5
9043,5
9044,2
9045,2
9046,5
9047,5
9048,2
9049,2
9050,2
9051,2
9052,2
9053,2
9054,5
9055,5
9056,2
9057,5
9058,2
9059,2
9060,2
9061,5
9062,2
9063,5
9064,2
9065,5
9066,2
9067,2
9068,5
9069,2
9070,5
9071,5
9072,5
9073,2
9074,5
9075,5
9076,5
9077,2
9078,2
9079,5
9080,2
9081,5
9082,5
9083,2
9084,2
9085,5
9086,5
9087,2
9088,5
9089,5
9090,2
9091,2
9092,2
9093,2
9094,2
9095,2
9096,5
9097,5
9098,5
9099,2
9100,5
9101,2
9102,2
9103,5
9104,2
9105,2
9106,2
9107,2
9108,5
9109,5
9110,5
9111,5
9112,2
9113,2
9114,5
9115,2
9116,2
9117,5
9118,5
9119,5
9120,5
9121,5
9122,5
9123,2
9124,5
9125,2
9126,5
9127,2
9128,2
9129,2
9130,5
9131,5
9132,5
9133,5
9134,2
9135,2
9136,5
9137,2
9138,2
9139,5
9140,5
9141,2
9142,2
9143,5
9144,2
9145,2
9146,5
9147,2
9148,2
9149,2
9150,2
9151,2
9152,2
9153,5
9154,2
9155,5
9156,2
9157,2
9158,2
9159,2
9160,5
9161,5
9162,5
9163,2
9164,2
9165,5
9166,5
9167,5
9168,5
9169,5
9170,5
9171,5
9172,5
9173,5
9174,5
9175,5
9176,5
9177,5
9178,2
9179,2
9180,2
9181,2
9182,2
9183,2
9184,2
9185,5
9186,5
9187,5
9188,2
9189,5
9190,5
9191,2
9192,5
9193,5
9194,2
9195,5
9196,2
9197,2
9198,5
9199,2
9200,5
9201,5
9202,5
9203,2
9204,2
9205,2
9206,5
9207,5
9208,5
9209,2
9210,2
9211,5
9212,5
9213,2
9214,5
9215,2
9216,2
9217,5
9218,2
9219,5
9220,5
9221,5
9222,2
9223,5
9224,5
9225,2
9226,2
9227,2
9228,5
9229,5
9230,5
9231,2
9232,5
9233,2
9234,5
9235,5
9236,2
9237,5
9238,5
9239,2
9240,2
9241,5
9242,2
9243,5
9244,2
9245,5
9246,5
9247,2
9248,5
9249,2
9250,2
9251,5
9252,5
9253,5
9254,5
9255,5
9256,5
9257,2
9258,2
9259,2
9260,2
9261,2
9262,5
9263,5
9264,5
9265,5
9266,2
9267,5
9268,5
9269,2
9270,2
9271,2
9272,5
9273,2
9274,2
9275,2
9276,5
9277,5
9278,5
9279,2
9280,2
9281,5
9282,5
9283,2
9284,5
9285,5
9286,2
9287,5
9288,2
9289,2
9290,2
9291,5
9292,2
9293,2
9294,5
9295,2
9296,2
9297,5
9298,2
9299,5
9300,5
9301,5
9302,2
9303,5
9304,5
9305,2
9306,2
9307,2
9308,5
9309,5
9310,2
9311,2
9312,2
9313,2
9314,2
9315,2
9316,2
9317,5
9318,5
9319,2
9320,2
9321,2
9322,2
9323,2
9324,5
9325,5
9326,2
9327,2
9328,5
9329,2
9330,2
9331,5
9332,5
9333,2
9334,2
9335,2
9336,5
9337,5
9338,2
9339,5
9340,2
9341,2
9342,5
9343,2
9344,2
9345,5
9346,5
9347,5
9348,2
9349,2
9350,5
9351,5
9352,2
9353,2
9354,5
9355,5
9356,5
9357,5
9358,5
9359,2
9360,5
9361,5
9362,2
9363,5
9364,5
9365,5
9366,5
9367,2
9368,2
9369,5
9370,5
9371,2
9372,2
9373,5
9374,5
9375,2
9376,5
9377,5
9378,2
9379,5
9380,2
9381,2
9382,2
9383,5
9384,2
9385,2
9386,2
9387,5
9388,2
9389,2
9390,5
9391,2
9392,5
9393,5
9394,5
9395,2
9396,5
9397,2
9398,2
9399,5
9400,2
9401,2
9402,2
9403,5
9404,2
9405,5
9406,2
9407,5
9408,2
9409,2
9410,2
9411,2
9412,5
9413,5
9414,2
9415,5
9416,5
9417,2
9418,5
9419,5
9420,5
9421,2
9422,5
9423,2
9424,2
9425,5
9426,5
9427,2
9428,5
9429,5
9430,2
9431,5
9432,5
9433,2
9434,2
9435,2
9436,2
9437,2
9438,5
9439,2
9440,2
9441,2
9442,5
9443,2
9444,2
9445,2
9446,2
9447,5
9448,2
9449,2
9450,2
9451,5
9452,2
9453,5
9454,5
9455,5
9456,5
9457,5
9458,5
9459,2
9460,5
9461,5
9462,2
9463,5
9464,5
9465,2
9466,5
9467,5
9468,5
9469,2
9470,2
9471,5
9472,5
9473,2
9474,2
9475,5
9476,2
9477,5
9478,2
9479,2
9480,2
9481,2
9482,2
9483,3
9484,5
9485,2
9486,5
9487,5
9488,2
9489,5
9490,2
9491,2
9492,2
9493,2
9494,2
9495,5
9496,5
9497,5
9498,2
9499,5
9500,5
9501,5
9502,5
9503,5
9504,5
9505,5
9506,2
9507,2
9508,5
9509,5
9510,5
9511,5
9512,2
9513,5
9514,2
9515,2
9516,2
9517,2
9518,5
9519,5
9520,2
9521,5
9522,5
9523,2
9524,5
9525,5
9526,2
9527,5
9528,2
9529,2
9530,2
9531,2
9532,2
9533,2
9534,2
9535,2
9536,5
9537,2
9538,2
9539,5
9540,5
9541,5
9542,5
9543,5
9544,5
9545,2
9546,2
9547,5
9548,2
9549,2
9550,2
9551,5
9552,5
9553,5
9554,2
9555,5
9556,2
9557,5
9558,5
9559,2
9560,2
9561,5
9562,5
9563,2
9564,5
9565,5
9566,2
9567,5
9568,5
9569,5
9570,5
9571,2
9572,2
9573,2
9574,2
9575,5
9576,2
9577,5
9578,5
9579,2
9580,5
9581,2
9582,5
9583,2
9584,5
9585,2
9586,5
9587,5
9588,5
9589,2
9590,2
9591,2
9592,5
9593,2
9594,5
9595,2
9596,2
9597,2
9598,2
9599,5
9600,5
9601,2
9602,2
9603,5
9604,5
9605,5
9606,5
9607,2
9608,5
9609,5
9610,5
9611,2
9612,2
9613,5
9614,5
9615,2
9616,2
9617,2
9618,5
9619,2
9620,5
9621,2
9622,2
9623,5
9624,5
9625,5
9626,5
9627,2
9628,5
9629,2
9630,5
9631,2
9632,2
9633,5
9634,5
9635,2
9636,5
9637,2
9638,5
9639,5
9640,2
9641,5
9642,5
9643,5
9644,2
9645,5
9646,5
9647,5
9648,5
9649,5
9650,5
9651,2
9652,2
9653,2
9654,2
9655,5
9656,5
9657,5
9658,5
9659,5
9660,2
9661,2
9662,2
9663,5
9664,2
9665,2
9666,2
9667,2
9668,5
9669,5
9670,5
9671,2
9672,2
9673,5
9674,5
9675,5
9676,5
9677,5
9678,5
9679,2
9680,5
9681,5
9682,5
9683,5
9684,2
9685,5
9686,5
9687,5
9688,2
9689,2
9690,2
9691,2
9692,5
9693,5
9694,5
9695,2
9696,2
9697,5
9698,2
9699,5
9700,2
9701,2
9702,2
9703,5
9704,5
9705,2
9706,5
9707,5
9708,2
9709,5
9710,5
9711,5
9712,5
9713,2
9714,5
9715,2
9716,5
9717,5
9718,2
9719,2
9720,5
9721,5
9722,2
9723,2
9724,2
9725,2
9726,2
9727,5
9728,5
9729,5
9730,5
9731,2
9732,5
9733,5
9734,2
9735,5
9736,5
9737,2
9738,5
9739,5
9740,5
9741,2
9742,5
9743,2
9744,2
9745,2
9746,5
9747,2
9748,5
9749,5
9750,5
9751,2
9752,2
9753,5
9754,5
9755,2
9756,2
9757,5
9758,5
9759,2
9760,5
9761,2
9762,5
9763,2
9764,5
9765,5
9766,5
9767,5
9768,2
9769,5
9770,2
9771,5
9772,5
9773,2
9774,2
9775,5
9776,2
9777,5
9778,2
9779,5
9780,2
9781,2
9782,2
9783,2
9784,5
9785,2
9786,2
9787,5
9788,2
9789,5
9790,5
9791,2
9792,5
9793,5
9794,2
9795,5
9796,2
9797,5
9798,5
9799,2
9800,2
9801,2
9802,2
9803,2
9804,5
9805,2
9806,2
9807,2
9808,2
9809,5
9810,5
9811,5
9812,2
9813,2
9814,2
9815,2
9816,5
9817,5
9818,5
9819,2
9820,2
9821,2
9822,2
9823,2
9824,5
9825,2
9826,5
9827,2
9828,5
9829,5
9830,5
9831,2
9832,5
9833,5
9834,5
9835,5
9836,2
9837,5
9838,5
9839,2
9840,5
9841,2
9842,2
9843,5
9844,2
9845,5
9846,2
9847,2
9848,2
9849,2
9850,2
9851,2
9852,2
9853,2
9854,5
9855,2
9856,2
9857,2
9858,2
9859,5
9860,5
9861,5
9862,5
9863,2
9864,2
9865,2
9866,2
9867,2
9868,2
9869,5
9870,5
9871,5
9872,2
9873,5
9874,5
9875,5
9876,2
9877,2
9878,5
9879,5
9880,2
9881,5
9882,2
9883,2
9884,2
9885,2
9886,2
9887,2
9888,2
9889,5
9890,2
9891,2
9892,2
9893,5
9894,5
9895,2
9896,2
9897,5
9898,5
9899,2
9900,5
9901,5
9902,5
9903,2
9904,5
9905,2
9906,2
9907,2
9908,5
9909,5
9910,2
9911,2
9912,2
9913,5
9914,2
9915,5
9916,5
9917,5
9918,5
9919,5
9920,2
9921,2
9922,2
9923,2
9924,2
9925,5
9926,5
9927,2
9928,5
9929,5
9930,5
9931,5
9932,2
9933,2
9934,2
9935,5
9936,5
9937,5
9938,2
9939,5
9940,2
9941,5
9942,5
9943,5
9944,5
9945,2
9946,5
9947,2
9948,2
9949,2
9950,5
9951,2
9952,5
9953,2
9954,5
9955,5
9956,2
9957,5
9958,5
9959,5
9960,2
9961,2
9962,2
9963,2
9964,5
9965,5
9966,5
9967,5
9968,2
9969,5
9970,2
9971,5
9972,2
9973,2
9974,2
9975,5
9976,2
9977,5
9978,2
9979,5
9980,5
9981,5
9982,2
9983,2
9984,5
9985,5
9986,5
9987,2
9988,2
9989,5
9990,5
9991,5
9992,5
9993,2
9994,5
9995,5
9996,5
9997,5
9998,2
9999,2
10000,2
10001,5
10002,5
10003,2
10004,2
10005,2
10006,5
10007,2
10008,2
10009,2
10010,5
10011,5
10012,2
10013,2
10014,2
10015,5
10016,5
10017,2
10018,2
10019,2
10020,2
10021,5
10022,2
10023,2
10024,2
10025,5
10026,5
10027,5
10028,5
10029,2
10030,2
10031,5
10032,2
10033,5
10034,2
10035,2
10036,5
10037,2
10038,5
10039,5
10040,2
10041,5
10042,5
10043,2
10044,5
10045,2
10046,2
10047,5
10048,5
10049,5
10050,5
10051,2
10052,2
10053,2
10054,2
10055,5
10056,5
10057,0
10058,5
10059,5
10060,2
10061,2
10062,5
10063,2
10064,5
10065,2
10066,5
10067,5
10068,2
10069,5
10070,2
10071,2
10072,2
10073,2
10074,2
10075,2
10076,5
10077,2
10078,5
10079,2
10080,2
10081,2
10082,5
10083,2
10084,5
10085,5
10086,2
10087,2
10088,2
10089,5
10090,5
10091,2
10092,2
10093,5
10094,2
10095,2
10096,2
10097,5
10098,2
10099,5
10100,2
10101,2
10102,2
10103,2
10104,2
10105,2
10106,5
10107,2
10108,2
10109,2
10110,5
10111,5
10112,5
10113,5
10114,2
10115,5
10116,2
10117,2
10118,5
10119,2
10120,2
10121,2
10122,2
10123,2
10124,5
10125,5
10126,2
10127,5
10128,2
10129,5
10130,5
10131,5
10132,5
10133,2
10134,2
10135,5
10136,5
10137,5
10138,2
10139,5
10140,2
10141,5
10142,5
10143,2
10144,5
10145,2
10146,5
10147,2
10148,5
10149,2
10150,5
10151,2
10152,2
10153,5
10154,2
10155,5
10156,2
10157,2
10158,5
10159,2
10160,2
10161,5
10162,2
10163,2
10164,5
10165,2
10166,5
10167,5
10168,2
10169,2
10170,5
10171,5
10172,5
10173,2
10174,2
10175,2
10176,5
10177,5
10178,2
10179,2
10180,2
10181,2
10182,5
10183,2
10184,5
10185,5
10186,2
10187,2
10188,2
10189,2
10190,5
10191,2
10192,5
10193,5
10194,5
10195,2
10196,2
10197,5
10198,2
10199,5
10200,1
10201,1
10202,1
10203,1
10204,1
10205,1
10206,1
10207,1
10208,1
10209,1
10210,1
10211,1
10212,1
10213,1
10214,1
10215,1
10216,1
10217,1
10218,1
10219,1
10220,1
10221,1
10222,1
10223,1
10224,1
10225,1
10226,1
10227,3
10228,1
10229,1
10230,3
10231,0
10232,1
10233,1
10234,1
10235,1
10236,1
10237,2
10238,1
10239,1
10240,1
10241,1
10242,1
10243,1
10244,0
10245,0
10246,1
10247,1
10248,1
10249,1
10250,1
10251,1
10252,1
10253,1
10254,1
10255,1
10256,1
10257,1
10258,1
10259,1
10260,1
10261,3
10262,1
10263,1
10264,1
10265,1
10266,1
10267,0
10268,3
10269,1
10270,1
10271,1
10272,1
10273,1
10274,1
10275,1
10276,1
10277,5
10278,1
10279,1
10280,1
10281,1
10282,1
10283,1
10284,1
10285,1
10286,1
10287,1
10288,2
10289,1
10290,1
10291,1
10292,1
10293,2
10294,1
10295,0
10296,1
10297,1
10298,1
10299,1
10300,1
10301,1
10302,1
10303,1
10304,1
10305,2
10306,1
10307,1
10308,1
10309,1
10310,1
10311,5
10312,1
10313,1
10314,1
10315,1
10316,0
10317,1
10318,1
10319,1
10320,1
10321,1
10322,1
10323,1
10324,1
10325,1
10326,1
10327,1
10328,1
10329,1
10330,1
10331,1
10332,1
10333,1
10334,1
10335,1
10336,1
10337,1
10338,1
10339,1
10340,1
10341,3
10342,3
10343,3
10344,0
10345,1
10346,1
10347,1
10348,1
10349,1
10350,1
10351,1
10352,1
10353,1
10354,1
10355,1
10356,1
10357,1
10358,1
10359,1
10360,1
10361,1
10362,1
10363,1
10364,1
10365,2
10366,1
10367,1
10368,1
10369,1
10370,5
10371,1
10372,5
10373,1
10374,1
10375,1
10376,1
10377,1
10378,0
10379,1
10380,1
10381,1
10382,1
10383,1
10384,1
10385,1
10386,1
10387,1
10388,0
10389,1
10390,1
10391,3
10392,1
10393,1
10394,1
10395,3
10396,1
10397,1
10398,1
10399,1
10400,0
10401,1
10402,1
10403,1
10404,1
10405,1
10406,1
10407,1
10408,1
10409,1
10410,1
10411,3
10412,1
10413,1
10414,1
10415,1
10416,1
10417,1
10418,1
10419,1
10420,1
10421,1
10422,1
10423,1
10424,1
10425,1
10426,1
10427,1
10428,3
10429,1
10430,1
10431,1
10432,1
10433,1
10434,1
10435,1
10436,1
10437,1
10438,1
10439,1
10440,1
10441,1
10442,1
10443,3
10444,3
10445,1
10446,1
10447,1
10448,1
10449,1
10450,1
10451,1
10452,1
10453,1
10454,1
10455,1
10456,1
10457,1
10458,1
10459,1
10460,1
10461,1
10462,1
10463,1
10464,1
10465,1
10466,1
10467,1
10468,1
10469,1
10470,1
10471,1
10472,1
10473,1
10474,1
10475,1
10476,1
10477,1
10478,1
10479,1
10480,1
10481,1
10482,1
10483,1
10484,3
10485,2
10486,1
10487,1
10488,1
10489,1
10490,1
10491,1
10492,1
10493,1
10494,1
10495,1
10496,1
10497,0
10498,1
10499,1
10500,1
10501,2
10502,1
10503,1
10504,1
10505,1
10506,1
10507,1
10508,1
10509,3
10510,1
10511,1
10512,1
10513,1
10514,1
10515,1
10516,1
10517,1
10518,1
10519,1
10520,2
10521,1
10522,3
10523,1
10524,0
10525,1
10526,1
10527,1
10528,1
10529,1
10530,1
10531,1
10532,0
10533,1
10534,1
10535,1
10536,1
10537,2
10538,1
10539,1
10540,1
10541,1
10542,1
10543,1
10544,1
10545,1
10546,1
10547,1
10548,1
10549,1
10550,1
10551,1
10552,1
10553,1
10554,1
10555,1
10556,1
10557,1
10558,3
10559,0
10560,1
10561,1
10562,1
10563,1
10564,1
10565,1
10566,1
10567,1
10568,1
10569,1
10570,1
10571,1
10572,3
10573,1
10574,1
10575,1
10576,1
10577,1
10578,1
10579,1
10580,1
10581,1
10582,1
10583,1
10584,1
10585,1
10586,1
10587,0
10588,5
10589,1
10590,1
10591,1
10592,1
10593,1
10594,3
10595,1
10596,1
10597,1
10598,1
10599,1
10600,1
10601,1
10602,1
10603,1
10604,0
10605,1
10606,0
10607,1
10608,1
10609,0
10610,1
10611,1
10612,1
10613,1
10614,1
10615,1
10616,1
10617,1
10618,1
10619,1
10620,1
10621,1
10622,1
10623,1
10624,1
10625,1
10626,1
10627,1
10628,1
10629,1
10630,1
10631,1
10632,1
10633,1
10634,1
10635,1
10636,3
10637,1
10638,1
10639,1
10640,1
10641,1
10642,1
10643,1
10644,1
10645,3
10646,1
10647,1
10648,1
10649,1
10650,1
10651,1
10652,0
10653,1
10654,1
10655,1
10656,1
10657,2
10658,1
10659,1
10660,1
10661,1
10662,1
10663,1
10664,1
10665,1
10666,1
10667,1
10668,1
10669,1
10670,5
10671,1
10672,1
10673,1
10674,1
10675,1
10676,1
10677,3
10678,1
10679,1
10680,1
10681,1
10682,1
10683,1
10684,1
10685,1
10686,1
10687,1
10688,1
10689,1
10690,1
10691,1
10692,1
10693,1
10694,1
10695,1
10696,1
10697,1
10698,1
10699,5
10700,1
10701,1
10702,1
10703,1
10704,2
10705,1
10706,1
10707,1
10708,5
10709,1
10710,1
10711,1
10712,1
10713,1
10714,1
10715,1
10716,1
10717,1
10718,1
10719,3
10720,1
10721,1
10722,1
10723,1
10724,0
10725,1
10726,1
10727,1
10728,1
10729,1
10730,1
10731,1
10732,1
10733,1
10734,1
10735,1
10736,1
10737,1
10738,1
10739,1
10740,1
10741,1
10742,1
10743,1
10744,0
10745,1
10746,1
10747,3
10748,1
10749,1
10750,1
10751,1
10752,1
10753,1
10754,3
10755,1
10756,1
10757,3
10758,1
10759,1
10760,1
10761,3
10762,1
10763,1
10764,1
10765,1
10766,1
10767,1
10768,5
10769,1
10770,1
10771,1
10772,1
10773,1
10774,1
10775,1
10776,1
10777,2
10778,1
10779,3
10780,1
10781,1
10782,1
10783,1
10784,1
10785,1
10786,1
10787,1
10788,0
10789,1
10790,1
10791,1
10792,1
10793,1
10794,1
10795,0
10796,0
10797,1
10798,1
10799,1
10800,1
10801,1
10802,1
10803,1
10804,1
10805,1
10806,3
10807,1
10808,0
10809,1
10810,1
10811,1
10812,1
10813,2
10814,1
10815,1
10816,3
10817,1
10818,0
10819,1
10820,1
10821,1
10822,1
10823,1
10824,1
10825,1
10826,1
10827,1
10828,5
10829,1
10830,1
10831,1
10832,1
10833,1
10834,1
10835,1
10836,1
10837,0
10838,1
10839,1
10840,1
10841,1
10842,1
10843,1
10844,1
10845,1
10846,1
10847,1
10848,1
10849,1
10850,1
10851,1
10852,1
10853,1
10854,3
10855,1
10856,1
10857,1
10858,1
10859,1
10860,1
10861,3
10862,1
10863,1
10864,1
10865,1
10866,2
10867,1
10868,1
10869,1
10870,1
10871,1
10872,2
10873,1
10874,1
10875,1
10876,1
10877,0
10878,1
10879,1
10880,1
10881,0
10882,1
10883,1
10884,1
10885,1
10886,1
10887,1
10888,1
10889,1
10890,1
10891,1
10892,0
10893,1
10894,1
10895,2
10896,1
10897,1
10898,1
10899,1
10900,1
10901,1
10902,1
10903,1
10904,1
10905,0
10906,1
10907,1
10908,1
10909,2
10910,1
10911,1
10912,1
10913,1
10914,3
10915,1
10916,1
10917,1
10918,3
10919,1
10920,1
10921,1
10922,3
10923,1
10924,1
10925,1
10926,3
10927,1
10928,1
10929,1
10930,1
10931,1
10932,1
10933,0
10934,1
10935,1
10936,1
10937,3
10938,1
10939,1
10940,1
10941,0
10942,1
10943,1
10944,1
10945,1
10946,0
10947,1
10948,1
10949,1
10950,1
10951,1
10952,1
10953,0
10954,1
10955,1
10956,1
10957,5
10958,1
10959,1
10960,1
10961,1
10962,1
10963,1
10964,3
10965,1
10966,1
10967,1
10968,1
10969,1
10970,1
10971,1
10972,3
10973,1
10974,1
10975,1
10976,1
10977,0
10978,1
10979,1
10980,1
10981,1
10982,1
10983,1
10984,1
10985,1
10986,1
10987,1
10988,1
10989,1
10990,1
10991,1
10992,3
10993,1
10994,1
10995,1
10996,3
10997,1
10998,1
10999,1
11000,1
11001,1
11002,1
11003,3
11004,0
11005,1
11006,1
11007,1
11008,1
11009,3
11010,1
11011,1
11012,1
11013,1
11014,2
11015,1
11016,1
11017,1
11018,1
11019,1
11020,1
11021,1
11022,3
11023,1
11024,1
11025,1
11026,1
11027,1
11028,1
11029,1
11030,1
11031,0
11032,1
11033,1
11034,1
11035,1
11036,1
11037,1
11038,1
11039,1
11040,1
11041,1
11042,1
11043,1
11044,1
11045,1
11046,3
11047,1
11048,1
11049,1
11050,1
11051,1
11052,0
11053,3
11054,1
11055,1
11056,1
11057,1
11058,1
11059,1
11060,1
11061,1
11062,1
11063,1
11064,1
11065,1
11066,1
11067,1
11068,1
11069,1
11070,1
11071,1
11072,1
11073,1
11074,1
11075,1
11076,1
11077,1
11078,1
11079,0
11080,1
11081,1
11082,0
11083,1
11084,1
11085,1
11086,1
11087,1
11088,1
11089,1
11090,1
11091,1
11092,1
11093,3
11094,1
11095,1
11096,1
11097,1
11098,1
11099,1
11100,1
11101,1
11102,1
11103,1
11104,1
11105,1
11106,0
11107,1
11108,1
11109,1
11110,3
11111,1
11112,1
11113,1
11114,1
11115,1
11116,1
11117,1
11118,1
11119,1
11120,1
11121,1
11122,1
11123,1
11124,1
11125,1
11126,1
11127,1
11128,0
11129,1
11130,1
11131,1
11132,1
11133,1
11134,1
11135,1
11136,1
11137,1
11138,0
11139,1
11140,1
11141,1
11142,3
11143,1
11144,1
11145,1
11146,1
11147,1
11148,1
11149,1
11150,1
11151,3
11152,0
11153,1
11154,1
11155,1
11156,5
11157,1
11158,1
11159,0
11160,1
11161,0
11162,1
11163,5
11164,1
11165,1
11166,1
11167,1
11168,1
11169,1
11170,1
11171,1
11172,1
11173,1
11174,0
11175,1
11176,1
11177,1
11178,1
11179,1
11180,1
11181,1
11182,1
11183,1
11184,0
11185,1
11186,1
11187,1
11188,1
11189,1
11190,0
11191,1
11192,1
11193,1
11194,1
11195,0
11196,1
11197,1
11198,1
11199,1
11200,1
11201,1
11202,1
11203,1
11204,1
11205,1
11206,1
11207,0
11208,1
11209,1
11210,1
11211,1
11212,5
11213,1
11214,1
11215,1
11216,1
11217,1
11218,1
11219,1
11220,1
11221,1
11222,1
11223,1
11224,1
11225,1
11226,0
11227,1
11228,1
11229,1
11230,3
11231,1
11232,1
11233,1
11234,1
11235,1
11236,1
11237,1
11238,1
11239,1
11240,1
11241,1
11242,1
11243,1
11244,1
11245,0
11246,1
11247,1
11248,1
11249,1
11250,1
11251,1
11252,1
11253,1
11254,1
11255,1
11256,1
11257,1
11258,1
11259,1
11260,1
11261,1
11262,1
11263,1
11264,2
11265,3
11266,1
11267,1
11268,1
11269,1
11270,1
11271,1
11272,0
11273,3
11274,1
11275,1
11276,1
11277,1
11278,1
11279,1
11280,0
11281,1
11282,1
11283,1
11284,1
11285,1
11286,1
11287,1
11288,1
11289,1
11290,1
11291,1
11292,1
11293,1
11294,1
11295,1
11296,1
11297,1
11298,3
11299,1
11300,1
11301,1
11302,1
11303,0
11304,1
11305,1
11306,1
11307,1
11308,1
11309,1
11310,1
11311,1
11312,1
11313,3
11314,1
11315,1
11316,1
11317,1
11318,1
11319,1
11320,1
11321,1
11322,0
11323,3
11324,1
11325,1
11326,1
11327,1
11328,1
11329,1
11330,1
11331,1
11332,3
11333,1
11334,1
11335,1
11336,1
11337,1
11338,1
11339,1
11340,1
11341,1
11342,3
11343,1
11344,1
11345,1
11346,1
11347,1
11348,1
11349,1
11350,0
11351,1
11352,1
11353,1
11354,1
11355,1
11356,1
11357,1
11358,1
11359,0
11360,1
11361,1
11362,1
11363,1
11364,1
11365,1
11366,3
11367,1
11368,1
11369,1
11370,1
11371,3
11372,1
11373,1
11374,1
11375,2
11376,1
11377,1
11378,1
11379,1
11380,1
11381,1
11382,1
11383,1
11384,3
11385,1
11386,1
11387,1
11388,1
11389,1
11390,1
11391,1
11392,1
11393,1
11394,1
11395,1
11396,1
11397,1
11398,1
11399,1
11400,1
11401,1
11402,1
11403,0
11404,1
11405,1
11406,1
11407,1
11408,1
11409,1
11410,1
11411,1
11412,1
11413,1
11414,1
11415,1
11416,1
11417,1
11418,1
11419,1
11420,1
11421,3
11422,1
11423,0
11424,1
11425,1
11426,1
11427,1
11428,1
11429,1
11430,1
11431,1
11432,1
11433,1
11434,1
11435,1
11436,1
11437,1
11438,1
11439,1
11440,1
11441,0
11442,1
11443,3
11444,1
11445,1
11446,1
11447,1
11448,0
11449,1
11450,1
11451,1
11452,1
11453,3
11454,1
11455,1
11456,1
11457,1
11458,1
11459,1
11460,0
11461,3
11462,1
11463,1
11464,1
11465,2
11466,1
11467,0
11468,1
11469,1
11470,1
11471,1
11472,1
11473,1
11474,1
11475,1
11476,1
11477,0
11478,1
11479,1
11480,1
11481,1
11482,1
11483,1
11484,1
11485,1
11486,1
11487,0
11488,1
11489,1
11490,1
11491,1
11492,1
11493,1
11494,1
11495,1
11496,1
11497,1
11498,1
11499,5
11500,1
11501,1
11502,1
11503,1
11504,1
11505,1
11506,1
11507,1
11508,1
11509,1
11510,1
11511,1
11512,1
11513,1
11514,1
11515,1
11516,1
11517,1
11518,1
11519,1
11520,2
11521,1
11522,1
11523,1
11524,1
11525,1
11526,3
11527,1
11528,1
11529,1
11530,1
11531,1
11532,1
11533,1
11534,1
11535,1
11536,3
11537,1
11538,1
11539,1
11540,1
11541,1
11542,0
11543,1
11544,3
11545,1
11546,1
11547,1
11548,3
11549,1
11550,2
11551,1
11552,1
11553,1
11554,0
11555,1
11556,1
11557,1
11558,1
11559,1
11560,1
11561,1
11562,1
11563,1
11564,1
11565,0
11566,5
11567,1
11568,1
11569,1
11570,1
11571,1
11572,1
11573,1
11574,1
11575,1
11576,1
11577,5
11578,1
11579,3
11580,1
11581,1
11582,1
11583,1
11584,1
11585,1
11586,1
11587,3
11588,3
11589,1
11590,1
11591,1
11592,1
11593,1
11594,1
11595,3
11596,1
11597,1
11598,1
11599,1
11600,1
11601,0
11602,1
11603,1
11604,1
11605,1
11606,1
11607,1
11608,1
11609,1
11610,1
11611,1
11612,0
11613,1
11614,1
11615,3
11616,1
11617,1
11618,1
11619,1
11620,1
11621,5
11622,1
11623,1
11624,1
11625,1
11626,1
11627,1
11628,1
11629,3
11630,1
11631,1
11632,1
11633,1
11634,3
11635,1
11636,1
11637,1
11638,1
11639,1
11640,1
11641,1
11642,1
11643,1
11644,1
11645,1
11646,1
11647,1
11648,1
11649,1
11650,1
11651,1
11652,1
11653,1
11654,1
11655,1
11656,1
11657,1
11658,1
11659,1
11660,1
11661,1
11662,1
11663,1
11664,1
11665,1
11666,1
11667,1
11668,1
11669,0
11670,3
11671,1
11672,1
11673,1
11674,1
11675,1
11676,1
11677,1
11678,1
11679,1
11680,1
11681,1
11682,1
11683,1
11684,1
11685,1
11686,1
11687,1
11688,1
11689,0
11690,1
11691,3
11692,1
11693,1
11694,1
11695,1
11696,3
11697,0
11698,1
11699,1
11700,1
11701,1
11702,1
11703,1
11704,1
11705,1
11706,0
11707,1
11708,5
11709,1
11710,1
11711,1
11712,1
11713,1
11714,1
11715,1
11716,1
11717,1
11718,1
11719,3
11720,1
11721,1
11722,1
11723,1
11724,1
11725,1
11726,1
11727,3
11728,1
11729,1
11730,3
11731,1
11732,1
11733,1
11734,1
11735,1
11736,1
11737,1
11738,1
11739,1
11740,1
11741,1
11742,1
11743,1
11744,1
11745,1
11746,1
11747,1
11748,1
11749,1
11750,1
11751,1
11752,1
11753,1
11754,1
11755,0
11756,1
11757,1
11758,1
11759,1
11760,1
11761,1
11762,1
11763,1
11764,1
11765,1
11766,1
11767,1
11768,1
11769,1
11770,1
11771,1
11772,1
11773,1
11774,1
11775,1
11776,1
11777,1
11778,1
11779,1
11780,1
11781,0
11782,1
11783,1
11784,1
11785,1
11786,1
11787,1
11788,0
11789,1
11790,1
11791,1
11792,1
11793,0
11794,3
11795,1
11796,1
11797,1
11798,1
11799,1
11800,1
11801,1
11802,1
11803,2
11804,1
11805,5
11806,1
11807,5
11808,1
11809,1
11810,1
11811,1
11812,1
11813,1
11814,1
11815,1
11816,1
11817,1
11818,1
11819,1
11820,1
11821,1
11822,1
11823,0
11824,1
11825,1
11826,1
11827,1
11828,1
11829,1
11830,1
11831,1
11832,1
11833,1
11834,1
11835,1
11836,1
11837,1
11838,1
11839,1
11840,1
11841,1
11842,1
11843,1
11844,1
11845,1
11846,1
11847,1
11848,0
11849,1
11850,1
11851,1
11852,1
11853,1
11854,1
11855,1
11856,1
11857,1
11858,1
11859,1
11860,1
11861,1
11862,1
11863,1
11864,1
11865,1
11866,1
11867,1
11868,0
11869,1
11870,1
11871,1
11872,0
11873,1
11874,1
11875,1
11876,1
11877,3
11878,0
11879,1
11880,1
11881,1
11882,1
11883,1
11884,1
11885,1
11886,1
11887,3
11888,1
11889,3
11890,1
11891,1
11892,1
11893,1
11894,1
11895,1
11896,1
11897,1
11898,1
11899,1
11900,1
11901,1
11902,0
11903,1
11904,1
11905,1
11906,1
11907,3
11908,1
11909,1
11910,1
11911,3
11912,1
11913,0
11914,0
11915,1
11916,3
11917,1
11918,1
11919,1
11920,1
11921,1
11922,1
11923,1
11924,1
11925,1
11926,1
11927,1
11928,1
11929,3
11930,1
11931,1
11932,1
11933,1
11934,1
11935,1
11936,1
11937,1
11938,1
11939,1
11940,1
11941,1
11942,1
11943,1
11944,1
11945,1
11946,3
11947,1
11948,1
11949,0
11950,2
11951,1
11952,0
11953,1
11954,1
11955,1
11956,1
11957,1
11958,1
11959,1
11960,1
11961,1
11962,1
11963,1
11964,1
11965,1
11966,1
11967,1
11968,2
11969,1
11970,1
11971,0
11972,1
11973,1
11974,1
11975,1
11976,1
11977,1
11978,1
11979,1
11980,1
11981,1
11982,1
11983,1
11984,1
11985,1
11986,1
11987,1
11988,3
11989,1
11990,1
11991,1
11992,5
11993,1
11994,1
11995,1
11996,1
11997,1
11998,1
11999,1
12000,1
12001,0
12002,1
12003,1
12004,1
12005,1
12006,1
12007,1
12008,1
12009,1
12010,1
12011,1
12012,1
12013,1
12014,1
12015,1
12016,1
12017,1
12018,1
12019,1
12020,1
12021,1
12022,1
12023,1
12024,1
12025,1
12026,0
12027,3
12028,3
12029,1
12030,0
12031,1
12032,1
12033,1
12034,1
12035,1
12036,1
12037,1
12038,1
12039,1
12040,5
12041,1
12042,1
12043,1
12044,1
12045,1
12046,3
12047,1
12048,1
12049,1
12050,1
12051,1
12052,1
12053,1
12054,1
12055,1
12056,1
12057,1
12058,1
12059,1
12060,1
12061,1
12062,1
12063,1
12064,1
12065,1
12066,1
12067,1
12068,1
12069,1
12070,1
12071,1
12072,1
12073,0
12074,1
12075,1
12076,1
12077,1
12078,1
12079,1
12080,1
12081,1
12082,1
12083,1
12084,1
12085,1
12086,1
12087,1
12088,1
12089,1
12090,1
12091,1
12092,1
12093,1
12094,1
12095,1
12096,1
12097,1
12098,1
12099,1
12100,0
12101,1
12102,1
12103,1
12104,3
12105,1
12106,1
12107,5
12108,1
12109,1
12110,1
12111,1
12112,1
12113,1
12114,1
12115,1
12116,1
12117,1
12118,1
12119,1
12120,1
12121,1
12122,1
12123,1
12124,0
12125,1
12126,1
12127,3
12128,1
12129,1
12130,1
12131,1
12132,1
12133,1
12134,2
12135,1
12136,1
12137,1
12138,1
12139,0
12140,1
12141,1
12142,5
12143,1
12144,1
12145,1
12146,1
12147,1
12148,0
12149,1
12150,0
12151,1
12152,1
12153,1
12154,0
12155,1
12156,1
12157,2
12158,1
12159,1
12160,0
12161,1
12162,0
12163,1
12164,1
12165,1
12166,1
12167,1
12168,1
12169,1
12170,1
12171,1
12172,1
12173,1
12174,1
12175,1
12176,1
12177,1
12178,0
12179,1
12180,1
12181,1
12182,1
12183,1
12184,3
12185,1
12186,1
12187,0
12188,1
12189,1
12190,1
12191,1
12192,3
12193,1
12194,1
12195,1
12196,1
12197,1
12198,1
12199,1
12200,1
12201,1
12202,1
12203,1
12204,1
12205,1
12206,1
12207,1
12208,1
12209,1
12210,1
12211,1
12212,1
12213,1
12214,1
12215,1
12216,1
12217,0
12218,1
12219,1
12220,2
12221,1
12222,1
12223,2
12224,1
12225,5
12226,1
12227,1
12228,1
12229,1
12230,1
12231,1
12232,1
12233,1
12234,1
12235,1
12236,1
12237,1
12238,1
12239,1
12240,1
12241,1
12242,1
12243,1
12244,1
12245,2
12246,1
12247,1
12248,1
12249,3
12250,1
12251,1
12252,1
12253,1
12254,1
12255,1
12256,1
12257,1
12258,1
12259,1
12260,1
12261,1
12262,1
12263,1
12264,1
12265,1
12266,1
12267,1
12268,1
12269,1
12270,1
12271,1
12272,0
12273,0
12274,1
12275,1
12276,1
12277,1
12278,1
12279,1
12280,1
12281,1
12282,0
12283,1
12284,1
12285,1
12286,1
12287,1
12288,1
12289,3
12290,1
12291,1
12292,1
12293,1
12294,1
12295,1
12296,1
12297,3
12298,1
12299,1
12300,1
12301,1
12302,1
12303,1
12304,1
12305,1
12306,1
12307,1
12308,1
12309,3
12310,1
12311,1
12312,1
12313,1
12314,1
12315,1
12316,1
12317,1
12318,1
12319,1
12320,1
12321,1
12322,3
12323,1
12324,2
12325,1
12326,1
12327,1
12328,1
12329,1
12330,5
12331,1
12332,1
12333,1
12334,1
12335,1
12336,1
12337,1
12338,1
12339,1
12340,1
12341,1
12342,1
12343,1
12344,1
12345,3
12346,1
12347,1
12348,1
12349,1
12350,1
12351,1
12352,1
12353,1
12354,1
12355,1
12356,1
12357,1
12358,5
12359,1
12360,1
12361,1
12362,1
12363,1
12364,1
12365,1
12366,0
12367,1
12368,1
12369,1
12370,1
12371,1
12372,1
12373,1
12374,0
12375,1
12376,1
12377,0
12378,1
12379,1
12380,1
12381,1
12382,1
12383,0
12384,1
12385,1
12386,3
12387,1
12388,1
12389,1
12390,1
12391,1
12392,1
12393,1
12394,1
12395,1
12396,1
12397,1
12398,1
12399,3
12400,5
12401,1
12402,1
12403,1
12404,1
12405,0
12406,1
12407,1
12408,1
12409,1
12410,1
12411,1
12412,1
12413,1
12414,1
12415,1
12416,1
12417,2
12418,1
12419,1
12420,1
12421,1
12422,1
12423,1
12424,1
12425,1
12426,1
12427,1
12428,1
12429,1
12430,1
12431,1
12432,1
12433,1
12434,1
12435,1
12436,3
12437,1
12438,0
12439,1
12440,1
12441,1
12442,1
12443,1
12444,1
12445,1
12446,1
12447,2
12448,1
12449,5
12450,1
12451,1
12452,0
12453,1
12454,1
12455,1
12456,1
12457,1
12458,5
12459,1
12460,0
12461,1
12462,1
12463,0
12464,1
12465,1
12466,1
12467,1
12468,1
12469,1
12470,1
12471,3
12472,1
12473,1
12474,1
12475,1
12476,1
12477,1
12478,1
12479,0
12480,1
12481,1
12482,1
12483,1
12484,0
12485,1
12486,0
12487,1
12488,1
12489,3
12490,0
12491,1
12492,1
12493,1
12494,1
12495,1
12496,0
12497,1
12498,1
12499,1
12500,1
12501,1
12502,1
12503,1
12504,1
12505,0
12506,1
12507,1
12508,1
12509,1
12510,1
12511,1
12512,1
12513,0
12514,1
12515,3
12516,3
12517,1
12518,1
12519,1
12520,1
12521,1
12522,1
12523,1
12524,1
12525,1
12526,1
12527,1
12528,1
12529,1
12530,1
12531,1
12532,1
12533,1
12534,3
12535,1
12536,1
12537,1
12538,1
12539,5
12540,1
12541,0
12542,1
12543,1
12544,1
12545,1
12546,1
12547,1
12548,1
12549,3
12550,1
12551,1
12552,1
12553,1
12554,1
12555,1
12556,1
12557,1
12558,3
12559,1
12560,0
12561,1
12562,1
12563,1
12564,1
12565,1
12566,1
12567,1
12568,1
12569,3
12570,1
12571,1
12572,1
12573,1
12574,1
12575,1
12576,1
12577,1
12578,1
12579,1
12580,1
12581,0
12582,1
12583,1
12584,1
12585,1
12586,0
12587,0
12588,1
12589,1
12590,5
12591,1
12592,1
12593,1
12594,1
12595,1
12596,1
12597,1
12598,3
12599,1
12600,3
12601,1
12602,1
12603,1
12604,1
12605,1
12606,1
12607,1
12608,1
12609,1
12610,0
12611,1
12612,1
12613,1
12614,1
12615,1
12616,1
12617,0
12618,1
12619,2
12620,1
12621,1
12622,0
12623,1
12624,1
12625,1
12626,5
12627,1
12628,1
12629,1
12630,1
12631,1
12632,1
12633,1
12634,3
12635,1
12636,0
12637,1
12638,1
12639,1
12640,1
12641,1
12642,1
12643,1
12644,1
12645,1
12646,1
12647,1
12648,1
12649,1
12650,1
12651,1
12652,1
12653,1
12654,1
12655,1
12656,5
12657,1
12658,1
12659,1
12660,3
12661,1
12662,5
12663,1
12664,1
12665,1
12666,1
12667,1
12668,1
12669,1
12670,1
12671,1
12672,3
12673,1
12674,1
12675,1
12676,1
12677,1
12678,1
12679,1
12680,1
12681,1
12682,1
12683,1
12684,1
12685,1
12686,1
12687,1
12688,1
12689,1
12690,1
12691,1
12692,1
12693,3
12694,1
12695,1
12696,1
12697,1
12698,1
12699,1
12700,1
12701,1
12702,1
12703,1
12704,5
12705,1
12706,1
12707,1
12708,1
12709,1
12710,0
12711,1
12712,1
12713,1
12714,1
12715,1
12716,1
12717,1
12718,1
12719,1
12720,1
12721,1
12722,1
12723,1
12724,1
12725,1
12726,1
12727,1
12728,1
12729,1
12730,1
12731,0
12732,1
12733,0
12734,1
12735,3
12736,1
12737,1
12738,1
12739,1
12740,1
12741,1
12742,1
12743,1
12744,1
12745,0
12746,1
12747,1
12748,5
12749,1
12750,1
12751,1
12752,1
12753,1
12754,0
12755,1
12756,5
12757,1
12758,1
12759,1
12760,1
12761,1
12762,5
12763,1
12764,1
12765,1
12766,1
12767,1
12768,1
12769,1
12770,1
12771,1
12772,1
12773,1
12774,3
12775,0
12776,1
12777,1
12778,1
12779,1
12780,0
12781,1
12782,1
12783,1
12784,1
12785,1
12786,1
12787,5
12788,1
12789,1
12790,1
12791,1
12792,1
12793,1
12794,1
12795,1
12796,1
12797,1
12798,1
12799,5
12800,1
12801,1
12802,1
12803,0
12804,1
12805,1
12806,1
12807,1
12808,1
12809,1
12810,1
12811,1
12812,1
12813,1
12814,1
12815,1
12816,1
12817,1
12818,1
12819,1
12820,3
12821,1
12822,1
12823,0
12824,1
12825,1
12826,1
12827,1
12828,1
12829,1
12830,1
12831,1
12832,1
12833,1
12834,1
12835,1
12836,1
12837,1
12838,1
12839,3
12840,1
12841,1
12842,1
12843,1
12844,1
12845,1
12846,1
12847,1
12848,1
12849,1
12850,1
12851,1
12852,3
12853,1
12854,1
12855,1
12856,0
12857,1
12858,0
12859,1
12860,1
12861,1
12862,1
12863,1
12864,1
12865,1
12866,1
12867,1
12868,1
12869,1
12870,1
12871,0
12872,1
12873,0
12874,1
12875,1
12876,1
12877,1
12878,1
12879,1
12880,3
12881,1
12882,1
12883,0
12884,0
12885,1
12886,1
12887,0
12888,1
12889,1
12890,1
12891,1
12892,1
12893,1
12894,1
12895,1
12896,1
12897,1
12898,1
12899,1
12900,1
12901,1
12902,1
12903,1
12904,0
12905,1
12906,0
12907,1
12908,1
12909,1
12910,1
12911,1
12912,1
12913,1
12914,1
12915,1
12916,5
12917,1
12918,1
12919,1
12920,1
12921,1
12922,1
12923,1
12924,1
12925,5
12926,1
12927,1
12928,1
12929,1
12930,1
12931,1
12932,1
12933,1
12934,1
12935,1
12936,1
12937,1
12938,1
12939,3
12940,1
12941,1
12942,1
12943,1
12944,1
12945,1
12946,1
12947,1
12948,1
12949,1
12950,1
12951,5
12952,1
12953,3
12954,1
12955,1
12956,1
12957,1
12958,1
12959,1
12960,1
12961,1
12962,1
12963,2
12964,1
12965,1
12966,1
12967,0
12968,1
12969,1
12970,1
12971,1
12972,1
12973,1
12974,1
12975,1
12976,1
12977,1
12978,1
12979,1
12980,1
12981,3
12982,1
12983,1
12984,3
12985,1
12986,1
12987,1
12988,1
12989,1
12990,1
12991,1
12992,3
12993,1
12994,1
12995,1
12996,3
12997,1
12998,2
12999,1
13000,1
13001,1
13002,1
13003,1
13004,1
13005,1
13006,0
13007,1
13008,1
13009,1
13010,1
13011,1
13012,1
13013,1
13014,1
13015,1
13016,1
13017,1
13018,1
13019,1
13020,1
13021,1
13022,1
13023,1
13024,1
13025,1
13026,1
13027,1
13028,1
13029,1
13030,1
13031,1
13032,1
13033,1
13034,1
13035,1
13036,1
13037,1
13038,1
13039,0
13040,1
13041,1
13042,0
13043,1
13044,1
13045,1
13046,1
13047,1
13048,1
13049,1
13050,1
13051,1
13052,1
13053,1
13054,1
13055,1
13056,1
13057,1
13058,1
13059,1
13060,1
13061,1
13062,1
13063,1
13064,1
13065,1
13066,3
13067,1
13068,1
13069,1
13070,1
13071,1
13072,1
13073,1
13074,1
13075,1
13076,1
13077,1
13078,1
13079,1
13080,1
13081,3
13082,1
13083,3
13084,1
13085,1
13086,1
13087,1
13088,1
13089,1
13090,1
13091,1
13092,1
13093,1
13094,1
13095,1
13096,1
13097,1
13098,1
13099,1
13100,1
13101,3
13102,1
13103,1
13104,1
13105,1
13106,1
13107,1
13108,1
13109,1
13110,3
13111,1
13112,1
13113,1
13114,1
13115,1
13116,1
13117,1
13118,1
13119,3
13120,1
13121,1
13122,1
13123,1
13124,1
13125,1
13126,1
13127,1
13128,1
13129,1
13130,1
13131,1
13132,5
13133,0
13134,1
13135,3
13136,1
13137,0
13138,1
13139,1
13140,1
13141,1
13142,1
13143,1
13144,0
13145,1
13146,1
13147,1
13148,1
13149,1
13150,1
13151,1
13152,1
13153,1
13154,1
13155,1
13156,1
13157,1
13158,0
13159,3
13160,5
13161,0
13162,1
13163,1
13164,1
13165,1
13166,1
13167,1
13168,1
13169,1
13170,3
13171,3
13172,1
13173,0
13174,1
13175,1
13176,1
13177,1
13178,1
13179,5
13180,1
13181,1
13182,1
13183,1
13184,1
13185,1
13186,0
13187,0
13188,5
13189,1
13190,1
13191,1
13192,1
13193,1
13194,1
13195,1
13196,1
13197,5
13198,1
13199,1
13200,1
13201,1
13202,1
13203,1
13204,1
13205,1
13206,1
13207,3
13208,1
13209,0
13210,1
13211,1
13212,1
13213,1
13214,1
13215,1
13216,1
13217,1
13218,1
13219,1
13220,1
13221,1
13222,1
13223,1
13224,1
13225,0
13226,1
13227,1
13228,1
13229,1
13230,0
13231,1
13232,1
13233,1
13234,1
13235,1
13236,1
13237,3
13238,1
13239,1
13240,1
13241,1
13242,1
13243,1
13244,1
13245,1
13246,1
13247,1
13248,1
13249,1
13250,1
13251,1
13252,3
13253,0
13254,1
13255,0
13256,1
13257,1
13258,1
13259,1
13260,1
13261,1
13262,1
13263,1
13264,1
13265,1
13266,1
13267,1
13268,1
13269,1
13270,1
13271,1
13272,1
13273,1
13274,1
13275,1
13276,1
13277,1
13278,1
13279,1
13280,1
13281,0
13282,1
13283,1
13284,1
13285,3
13286,1
13287,0
13288,1
13289,1
13290,1
13291,1
13292,1
13293,1
13294,1
13295,1
13296,1
13297,1
13298,3
13299,1
13300,1
13301,1
13302,1
13303,1
13304,1
13305,1
13306,1
13307,1
13308,1
13309,0
13310,1
13311,1
13312,1
13313,1
13314,1
13315,1
13316,1
13317,3
13318,1
13319,1
13320,1
13321,1
13322,1
13323,1
13324,1
13325,1
13326,1
13327,1
13328,1
13329,1
13330,1
13331,1
13332,3
13333,1
13334,3
13335,1
13336,1
13337,1
13338,1
13339,1
13340,1
13341,1
13342,1
13343,1
13344,1
13345,1
13346,0
13347,1
13348,1
13349,1
13350,1
13351,1
13352,0
13353,1
13354,1
13355,1
13356,0
13357,1
13358,1
13359,1
13360,1
13361,0
13362,1
13363,1
13364,1
13365,1
13366,1
13367,1
13368,1
13369,1
13370,1
13371,1
13372,1
13373,1
13374,0
13375,0
13376,1
13377,0
13378,1
13379,1
13380,1
13381,1
13382,1
13383,1
13384,1
13385,1
13386,1
13387,1
13388,1
13389,1
13390,1
13391,1
13392,1
13393,1
13394,1
13395,1
13396,1
13397,0
13398,0
13399,1
13400,1
13401,1
13402,1
13403,1
13404,1
13405,1
13406,1
13407,1
13408,1
13409,1
13410,1
13411,1
13412,1
13413,0
13414,1
13415,1
13416,1
13417,1
13418,1
13419,1
13420,3
13421,1
13422,1
13423,1
13424,1
13425,1
13426,1
13427,1
13428,1
13429,3
13430,1
13431,1
13432,1
13433,1
13434,0
13435,1
13436,1
13437,1
13438,1
13439,1
13440,1
13441,1
13442,1
13443,1
13444,1
13445,1
13446,1
13447,1
13448,1
13449,1
13450,1
13451,1
13452,1
13453,1
13454,1
13455,1
13456,1
13457,1
13458,1
13459,1
13460,1
13461,0
13462,1
13463,1
13464,1
13465,1
13466,1
13467,1
13468,1
13469,1
13470,1
13471,1
13472,1
13473,1
13474,3
13475,1
13476,1
13477,1
13478,1
13479,1
13480,0
13481,1
13482,1
13483,1
13484,1
13485,1
13486,1
13487,1
13488,3
13489,1
13490,1
13491,1
13492,0
13493,1
13494,1
13495,1
13496,1
13497,3
13498,1
13499,1
13500,5
13501,5
13502,2
13503,5
13504,5
13505,5
13506,2
13507,2
13508,2
13509,5
13510,2
13511,2
13512,5
13513,5
13514,2
13515,2
13516,5
13517,4
13518,5
13519,5
13520,2
13521,5
13522,2
13523,2
13524,2
13525,2
13526,4
13527,5
13528,2
13529,5
13530,2
13531,2
13532,2
13533,2
13534,2
13535,2
13536,2
13537,2
13538,2
13539,5
13540,2
13541,5
13542,2
13543,2
13544,5
13545,5
13546,5
13547,2
13548,5
13549,5
13550,5
13551,5
13552,5
13553,2
13554,2
13555,2
13556,2
13557,5
13558,2
13559,5
13560,2
13561,2
13562,2
13563,2
13564,5
13565,2
13566,5
13567,5
13568,5
13569,2
13570,2
13571,2
13572,5
13573,5
13574,5
13575,2
13576,4
13577,2
13578,2
13579,2
13580,2
13581,5
13582,5
13583,2
13584,5
13585,2
13586,5
13587,2
13588,2
13589,2
13590,5
13591,2
13592,2
13593,5
13594,2
13595,5
13596,2
13597,2
13598,2
13599,2
13600,2
13601,5
13602,5
13603,2
13604,2
13605,5
13606,2
13607,5
13608,2
13609,2
13610,4
13611,2
13612,2
13613,5
13614,2
13615,2
13616,5
13617,2
13618,2
13619,2
13620,2
13621,2
13622,2
13623,5
13624,5
13625,2
13626,2
13627,2
13628,5
13629,2
13630,2
13631,5
13632,5
13633,5
13634,5
13635,2
13636,5
13637,5
13638,5
13639,2
13640,2
13641,2
13642,5
13643,5
13644,2
13645,5
13646,2
13647,5
13648,5
13649,5
13650,2
13651,5
13652,2
13653,5
13654,2
13655,2
13656,5
13657,5
13658,2
13659,5
13660,5
13661,2
13662,5
13663,2
13664,5
13665,2
13666,5
13667,5
13668,5
13669,5
13670,5
13671,5
13672,5
13673,2
13674,2
13675,5
13676,2
13677,5
13678,2
13679,2
13680,2
13681,2
13682,5
13683,2
13684,2
13685,2
13686,2
13687,2
13688,5
13689,5
13690,2
13691,2
13692,2
13693,5
13694,5
13695,2
13696,5
13697,5
13698,2
13699,5
13700,5
13701,5
13702,5
13703,2
13704,5
13705,5
13706,5
13707,5
13708,5
13709,2
13710,2
13711,2
13712,2
13713,5
13714,5
13715,2
13716,5
13717,2
13718,2
13719,2
13720,4
13721,5
13722,2
13723,2
13724,2
13725,2
13726,5
13727,5
13728,2
13729,2
13730,2
13731,5
13732,5
13733,5
13734,2
13735,5
13736,2
13737,2
13738,5
13739,5
13740,2
13741,2
13742,2
13743,2
13744,5
13745,2
13746,5
13747,2
13748,2
13749,2
13750,4
13751,2
13752,5
13753,5
13754,5
13755,2
13756,2
13757,2
13758,2
13759,2
13760,2
13761,5
13762,2
13763,2
13764,2
13765,5
13766,5
13767,2
13768,5
13769,2
13770,2
13771,5
13772,2
13773,2
13774,2
13775,2
13776,2
13777,2
13778,5
13779,5
13780,5
13781,2
13782,2
13783,5
13784,5
13785,5
13786,5
13787,2
13788,2
13789,2
13790,2
13791,2
13792,5
13793,5
13794,2
13795,5
13796,5
13797,2
13798,2
13799,5
13800,2
13801,2
13802,5
13803,2
13804,2
13805,2
13806,2
13807,5
13808,5
13809,2
13810,5
13811,2
13812,5
13813,5
13814,2
13815,5
13816,2
13817,2
13818,2
13819,2
13820,2
13821,5
13822,2
13823,2
13824,5
13825,2
13826,5
13827,5
13828,5
13829,2
13830,2
13831,2
13832,5
13833,5
13834,2
13835,5
13836,2
13837,2
13838,2
13839,5
13840,2
13841,5
13842,5
13843,2
13844,5
13845,5
13846,2
13847,2
13848,2
13849,2
13850,2
13851,2
13852,2
13853,5
13854,2
13855,5
13856,5
13857,5
13858,5
13859,5
13860,5
13861,5
13862,2
13863,5
13864,5
13865,4
13866,5
13867,5
13868,2
13869,4
13870,2
13871,2
13872,2
13873,5
13874,5
13875,5
13876,5
13877,2
13878,5
13879,5
13880,2
13881,2
13882,5
13883,2
13884,5
13885,2
13886,5
13887,2
13888,5
13889,2
13890,2
13891,5
13892,2
13893,2
13894,2
13895,2
13896,2
13897,2
13898,2
13899,2
13900,2
13901,5
13902,2
13903,5
13904,2
13905,2
13906,2
13907,2
13908,2
13909,2
13910,5
13911,5
13912,2
13913,5
13914,2
13915,2
13916,2
13917,2
13918,2
13919,5
13920,5
13921,2
13922,2
13923,2
13924,2
13925,5
13926,2
13927,2
13928,2
13929,5
13930,2
13931,2
13932,5
13933,2
13934,2
13935,5
13936,5
13937,2
13938,5
13939,2
13940,5
13941,5
13942,2
13943,5
13944,2
13945,2
13946,5
13947,2
13948,2
13949,5
13950,5
13951,2
13952,5
13953,5
13954,2
13955,2
13956,5
13957,2
13958,2
13959,2
13960,2
13961,5
13962,5
13963,2
13964,2
13965,2
13966,2
13967,5
13968,5
13969,2
13970,2
13971,2
13972,2
13973,2
13974,2
13975,2
13976,2
13977,5
13978,5
13979,5
13980,5
13981,2
13982,5
13983,5
13984,2
13985,5
13986,5
13987,2
13988,2
13989,2
13990,5
13991,5
13992,4
13993,4
13994,5
13995,2
13996,2
13997,5
13998,5
13999,5
14000,2
14001,5
14002,5
14003,2
14004,5
14005,2
14006,5
14007,2
14008,5
14009,2
14010,5
14011,2
14012,5
14013,2
14014,2
14015,2
14016,2
14017,5
14018,2
14019,2
14020,2
14021,2
14022,2
14023,5
14024,5
14025,2
14026,5
14027,5
14028,2
14029,5
14030,2
14031,2
14032,2
14033,5
14034,2
14035,5
14036,2
14037,2
14038,2
14039,2
14040,2
14041,2
14042,2
14043,5
14044,2
14045,2
14046,5
14047,2
14048,2
14049,5
14050,5
14051,2
14052,2
14053,5
14054,5
14055,4
14056,5
14057,2
14058,5
14059,5
14060,2
14061,2
14062,5
14063,2
14064,2
14065,2
14066,5
14067,2
14068,2
14069,2
14070,5
14071,5
14072,5
14073,2
14074,2
14075,2
14076,5
14077,5
14078,5
14079,5
14080,5
14081,5
14082,2
14083,2
14084,2
14085,2
14086,2
14087,2
14088,2
14089,2
14090,2
14091,5
14092,2
14093,5
14094,2
14095,2
14096,2
14097,5
14098,2
14099,2
14100,5
14101,2
14102,5
14103,5
14104,5
14105,5
14106,2
14107,5
14108,5
14109,5
14110,2
14111,2
14112,5
14113,2
14114,5
14115,2
14116,2
14117,2
14118,2
14119,5
14120,2
14121,5
14122,5
14123,2
14124,5
14125,2
14126,5
14127,2
14128,5
14129,5
14130,2
14131,2
14132,5
14133,2
14134,2
14135,5
14136,2
14137,2
14138,2
14139,5
14140,5
14141,5
14142,4
14143,2
14144,2
14145,5
14146,2
14147,2
14148,2
14149,5
14150,5
14151,2
14152,5
14153,5
14154,2
14155,5
14156,5
14157,2
14158,5
14159,5
14160,2
14161,5
14162,2
14163,5
14164,2
14165,5
14166,2
14167,5
14168,2
14169,2
14170,2
14171,5
14172,2
14173,5
14174,2
14175,2
14176,5
14177,5
14178,2
14179,2
14180,5
14181,2
14182,5
14183,5
14184,2
14185,2
14186,4
14187,2
14188,5
14189,2
14190,2
14191,5
14192,2
14193,5
14194,2
14195,2
14196,5
14197,2
14198,2
14199,2
14200,5
14201,5
14202,2
14203,5
14204,5
14205,5
14206,2
14207,2
14208,2
14209,2
14210,5
14211,2
14212,2
14213,2
14214,5
14215,5
14216,5
14217,5
14218,4
14219,2
14220,5
14221,2
14222,5
14223,2
14224,2
14225,2
14226,2
14227,5
14228,2
14229,2
14230,5
14231,5
14232,2
14233,2
14234,2
14235,5
14236,2
14237,5
14238,2
14239,2
14240,2
14241,2
14242,2
14243,5
14244,4
14245,2
14246,2
14247,5
14248,5
14249,4
14250,2
14251,5
14252,5
14253,2
14254,2
14255,5
14256,2
14257,2
14258,5
14259,5
14260,2
14261,2
14262,2
14263,2
14264,2
14265,5
14266,5
14267,2
14268,2
14269,2
14270,2
14271,4
14272,5
14273,5
14274,5
14275,5
14276,5
14277,2
14278,5
14279,2
14280,2
14281,5
14282,5
14283,5
14284,2
14285,2
14286,5
14287,2
14288,5
14289,5
14290,5
14291,2
14292,2
14293,2
14294,2
14295,2
14296,2
14297,2
14298,2
14299,2
14300,2
14301,2
14302,2
14303,5
14304,2
14305,5
14306,2
14307,2
14308,2
14309,2
14310,2
14311,5
14312,2
14313,5
14314,5
14315,2
14316,5
14317,2
14318,5
14319,5
14320,2
14321,5
14322,2
14323,2
14324,5
14325,5
14326,2
14327,5
14328,2
14329,2
14330,2
14331,5
14332,2
14333,2
14334,2
14335,5
14336,5
14337,5
14338,2
14339,2
14340,2
14341,5
14342,2
14343,2
14344,5
14345,5
14346,5
14347,5
14348,5
14349,5
14350,2
14351,5
14352,2
14353,2
14354,5
14355,2
14356,5
14357,5
14358,5
14359,5
14360,2
14361,5
14362,5
14363,5
14364,2
14365,2
14366,2
14367,5
14368,5
14369,5
14370,5
14371,2
14372,2
14373,5
14374,2
14375,2
14376,2
14377,5
14378,5
14379,2
14380,2
14381,2
14382,5
14383,2
14384,5
14385,2
14386,5
14387,5
14388,2
14389,2
14390,5
14391,5
14392,5
14393,5
14394,5
14395,5
14396,5
14397,5
14398,2
14399,5
14400,5
14401,2
14402,2
14403,5
14404,2
14405,2
14406,2
14407,2
14408,5
14409,5
14410,2
14411,5
14412,2
14413,2
14414,2
14415,5
14416,2
14417,2
14418,2
14419,2
14420,2
14421,2
14422,5
14423,2
14424,5
14425,2
14426,5
14427,5
14428,2
14429,2
14430,2
14431,5
14432,2
14433,2
14434,2
14435,5
14436,2
14437,2
14438,5
14439,2
14440,2
14441,5
14442,5
14443,5
14444,5
14445,2
14446,5
14447,2
14448,2
14449,2
14450,5
14451,5
14452,2
14453,2
14454,2
14455,2
14456,2
14457,2
14458,2
14459,5
14460,2
14461,2
14462,2
14463,2
14464,5
14465,5
14466,5
14467,2
14468,5
14469,2
14470,2
14471,2
14472,2
14473,5
14474,5
14475,5
14476,2
14477,5
14478,2
14479,5
14480,5
14481,2
14482,2
14483,5
14484,5
14485,5
14486,2
14487,2
14488,2
14489,5
14490,2
14491,2
14492,5
14493,2
14494,5
14495,5
14496,5
14497,2
14498,5
14499,2
14500,2
14501,5
14502,2
14503,2
14504,2
14505,5
14506,2
14507,5
14508,2
14509,2
14510,5
14511,2
14512,2
14513,5
14514,2
14515,2
14516,2
14517,5
14518,2
14519,2
14520,5
14521,5
14522,2
14523,5
14524,2
14525,5
14526,2
14527,5
14528,2
14529,5
14530,2
14531,5
14532,5
14533,2
14534,5
14535,2
14536,2
14537,2
14538,4
14539,5
14540,2
14541,2
14542,5
14543,2
14544,5
14545,4
14546,2
14547,2
14548,5
14549,5
14550,2
14551,2
14552,2
14553,2
14554,5
14555,2
14556,5
14557,5
14558,2
14559,2
14560,2
14561,2
14562,5
14563,5
14564,2
14565,2
14566,2
14567,5
14568,5
14569,5
14570,5
14571,5
14572,2
14573,5
14574,5
14575,2
14576,2
14577,2
14578,2
14579,5
14580,5
14581,2
14582,2
14583,5
14584,5
14585,5
14586,2
14587,5
14588,5
14589,5
14590,2
14591,2
14592,2
14593,5
14594,2
14595,2
14596,5
14597,5
14598,2
14599,2
14600,5
14601,2
14602,2
14603,2
14604,2
14605,2
14606,2
14607,5
14608,2
14609,2
14610,2
14611,5
14612,2
14613,2
14614,5
14615,2
14616,2
14617,5
14618,2
14619,2
14620,2
14621,5
14622,2
14623,2
14624,2
14625,2
14626,2
14627,2
14628,5
14629,5
14630,2
14631,2
14632,2
14633,5
14634,2
14635,2
14636,2
14637,5
14638,2
14639,2
14640,2
14641,5
14642,5
14643,2
14644,5
14645,2
14646,2
14647,2
14648,5
14649,5
14650,5
14651,2
14652,2
14653,2
14654,5
14655,2
14656,2
14657,2
14658,2
14659,5
14660,5
14661,2
14662,5
14663,5
14664,2
14665,5
14666,2
14667,2
14668,5
14669,2
14670,2
14671,2
14672,2
14673,2
14674,2
14675,2
14676,5
14677,2
14678,2
14679,5
14680,5
14681,5
14682,2
14683,5
14684,2
14685,2
14686,2
14687,5
14688,2
14689,2
14690,2
14691,5
14692,2
14693,2
14694,2
14695,2
14696,2
14697,2
14698,5
14699,2
14700,5
14701,2
14702,2
14703,5
14704,2
14705,5
14706,2
14707,2
14708,2
14709,2
14710,2
14711,2
14712,2
14713,2
14714,2
14715,5
14716,5
14717,5
14718,2
14719,5
14720,2
14721,2
14722,2
14723,5
14724,2
14725,2
14726,2
14727,2
14728,2
14729,5
14730,2
14731,2
14732,5
14733,2
14734,2
14735,5
14736,5
14737,2
14738,5
14739,2
14740,2
14741,2
14742,5
14743,2
14744,2
14745,5
14746,2
14747,5
14748,2
14749,5
14750,5
14751,5
14752,2
14753,5
14754,5
14755,2
14756,5
14757,2
14758,2
14759,5
14760,2
14761,2
14762,2
14763,2
14764,2
14765,5
14766,2
14767,2
14768,2
14769,2
14770,4
14771,2
14772,5
14773,2
14774,2
14775,5
14776,2
14777,5
14778,5
14779,5
14780,2
14781,2
14782,2
14783,2
14784,5
14785,2
14786,5
14787,2
14788,5
14789,5
14790,5
14791,5
14792,2
14793,2
14794,2
14795,5
14796,5
14797,2
14798,5
14799,5
14800,2
14801,5
14802,2
14803,5
14804,5
14805,5
14806,2
14807,2
14808,5
14809,5
14810,5
14811,2
14812,5
14813,2
14814,2
14815,5
14816,5
14817,5
14818,2
14819,2
14820,2
14821,2
14822,2
14823,5
14824,5
14825,2
14826,2
14827,4
14828,2
14829,5
14830,2
14831,5
14832,5
14833,5
14834,2
14835,2
14836,2
14837,2
14838,5
14839,2
14840,5
14841,2
14842,2
14843,2
14844,2
14845,2
14846,2
14847,2
14848,5
14849,5
14850,2
14851,2
14852,2
14853,5
14854,5
14855,5
14856,2
14857,2
14858,2
14859,4
14860,2
14861,5
14862,2
14863,2
14864,2
14865,2
14866,2
14867,5
14868,2
14869,2
14870,2
14871,5
14872,5
14873,2
14874,2
14875,2
14876,2
14877,2
14878,5
14879,2
14880,2
14881,2
14882,2
14883,2
14884,2
14885,2
14886,5
14887,2
14888,2
14889,5
14890,5
14891,2
14892,2
14893,2
14894,5
14895,2
14896,2
14897,2
14898,2
14899,5
14900,2
14901,2
14902,2
14903,2
14904,2
14905,2
14906,5
14907,2
14908,5
14909,5
14910,5
14911,2
14912,2
14913,2
14914,5
14915,2
14916,5
14917,5
14918,2
14919,2
14920,2
14921,5
14922,2
14923,5
14924,5
14925,5
14926,5
14927,2
14928,2
14929,2
14930,2
14931,5
14932,5
14933,2
14934,5
14935,2
14936,5
14937,5
14938,5
14939,5
14940,2
14941,5
14942,2
14943,2
14944,2
14945,2
14946,2
14947,5
14948,5
14949,5
14950,5
14951,5
14952,5
14953,2
14954,2
14955,2
14956,5
14957,2
14958,2
14959,2
14960,5
14961,2
14962,2
14963,5
14964,5
14965,2
14966,5
14967,2
14968,2
14969,2
14970,2
14971,5
14972,2
14973,5
14974,5
14975,2
14976,2
14977,2
14978,5
14979,2
14980,5
14981,2
14982,5
14983,5
14984,5
14985,2
14986,2
14987,5
14988,2
14989,2
14990,2
14991,2
14992,5
14993,5
14994,2
14995,5
14996,5
14997,5
14998,5
14999,2
